unnamed:_0,supplier,unnamed:_2,sheet_name,source_file,document_type,order_no,count,date,supp_ref,supp_name,can_ord,item_code,item,description,quantity,ord_cost,grn_qty,grn_cost,inv_qty,return_qty
,,,2024 Supplier List,2024 List of Suppliers.xlsx,xlsx,,,,,,,,,,,,,,,
,Row Labels,Count of Count,2024 Supplier List,2024 List of Suppliers.xlsx,xlsx,,,,,,,,,,,,,,,
1.0,FRIEDENTHAL EN SEUNS TA CHAMPION WHEEL & TYRE,32,2024 Supplier List,2024 List of Suppliers.xlsx,xlsx,,,,,,,,,,,,,,,
2.0,HENOWS PROJECTS (PTY) LTD,22,2024 Supplier List,2024 List of Suppliers.xlsx,xlsx,,,,,,,,,,,,,,,
3.0,GOMOLEMO CONSTRUCTION AND PROJECTS (PTY) LTD,13,2024 Supplier List,2024 List of Suppliers.xlsx,xlsx,,,,,,,,,,,,,,,
4.0,OLEORA SUPPLY AND PROJECTS (PTY) LTD,12,2024 Supplier List,2024 List of Suppliers.xlsx,xlsx,,,,,,,,,,,,,,,
5.0,RHUONE PROJECTS AND PLANT HIRE,12,2024 Supplier List,2024 List of Suppliers.xlsx,xlsx,,,,,,,,,,,,,,,
6.0,KHUWAIT GROUP OF COMPANIES,11,2024 Supplier List,2024 List of Suppliers.xlsx,xlsx,,,,,,,,,,,,,,,
7.0,E.K. CONSTRUCTION AND ALL GENERAL TRADING,10,2024 Supplier List,2024 List of Suppliers.xlsx,xlsx,,,,,,,,,,,,,,,
8.0,MERCYCON CONSTRUCTION AND PROJECTS CC,10,2024 Supplier List,2024 List of Suppliers.xlsx,xlsx,,,,,,,,,,,,,,,
9.0,PRACTICON TRADING AND ENTERPRISE,10,2024 Supplier List,2024 List of Suppliers.xlsx,xlsx,,,,,,,,,,,,,,,
10.0,SENNES GENERAL TRADING,10,2024 Supplier List,2024 List of Suppliers.xlsx,xlsx,,,,,,,,,,,,,,,
11.0,BOTSITSO ENGINEERING AND PROJECTS,9,2024 Supplier List,2024 List of Suppliers.xlsx,xlsx,,,,,,,,,,,,,,,
12.0,AT JOY COMMUNICATIONS AND OFFICE AUTOMATION,7,2024 Supplier List,2024 List of Suppliers.xlsx,xlsx,,,,,,,,,,,,,,,
13.0,DIRABOTLE PROJECTS (PTY) LTD,7,2024 Supplier List,2024 List of Suppliers.xlsx,xlsx,,,,,,,,,,,,,,,
14.0,N T K MINING SUPPLIERS,7,2024 Supplier List,2024 List of Suppliers.xlsx,xlsx,,,,,,,,,,,,,,,
15.0,RATANANG SUPPLIERS AND PROJECTS CC,7,2024 Supplier List,2024 List of Suppliers.xlsx,xlsx,,,,,,,,,,,,,,,
16.0,BATHO BAGAGWE IT CC,6,2024 Supplier List,2024 List of Suppliers.xlsx,xlsx,,,,,,,,,,,,,,,
17.0,SIBONGILE MASHIYA (PTY) LTD,6,2024 Supplier List,2024 List of Suppliers.xlsx,xlsx,,,,,,,,,,,,,,,
18.0,KWENDE CONSTRUCTION CC TA KWENDE ELECTRICAL SUPPL,5,2024 Supplier List,2024 List of Suppliers.xlsx,xlsx,,,,,,,,,,,,,,,
19.0,MALATSI A TSHEPO TRADING AND PROJECTS,5,2024 Supplier List,2024 List of Suppliers.xlsx,xlsx,,,,,,,,,,,,,,,
20.0,REABETSWE BOPHELO TRADING ENTERPRISE,5,2024 Supplier List,2024 List of Suppliers.xlsx,xlsx,,,,,,,,,,,,,,,
21.0,REGONE TRADERS (PTY)LTD,5,2024 Supplier List,2024 List of Suppliers.xlsx,xlsx,,,,,,,,,,,,,,,
22.0,TSIKAKU HOLDINGS,5,2024 Supplier List,2024 List of Suppliers.xlsx,xlsx,,,,,,,,,,,,,,,
23.0,VARIEGATED PTY LTD,5,2024 Supplier List,2024 List of Suppliers.xlsx,xlsx,,,,,,,,,,,,,,,
24.0,AGAH MARKETING AND PROJECTS,4,2024 Supplier List,2024 List of Suppliers.xlsx,xlsx,,,,,,,,,,,,,,,
25.0,BOKANG KATLEGO TRADING AND PROJECTS,4,2024 Supplier List,2024 List of Suppliers.xlsx,xlsx,,,,,,,,,,,,,,,
26.0,K P DEVELOPMENTS (PTY) LTD,4,2024 Supplier List,2024 List of Suppliers.xlsx,xlsx,,,,,,,,,,,,,,,
27.0,ELECTRICIVIL TRADING (PTY) LTD,3,2024 Supplier List,2024 List of Suppliers.xlsx,xlsx,,,,,,,,,,,,,,,
28.0,GAMES & PC SOUND CC,3,2024 Supplier List,2024 List of Suppliers.xlsx,xlsx,,,,,,,,,,,,,,,
29.0,KASIMOVEMENTS PROJECT AND CONSTRUCTION,3,2024 Supplier List,2024 List of Suppliers.xlsx,xlsx,,,,,,,,,,,,,,,
30.0,LEPHENE PROJECTS (PTY)LTD,3,2024 Supplier List,2024 List of Suppliers.xlsx,xlsx,,,,,,,,,,,,,,,
31.0,MAMOTSHABI BUSINESS SOLUTION,3,2024 Supplier List,2024 List of Suppliers.xlsx,xlsx,,,,,,,,,,,,,,,
32.0,MOEMEDI CREATIONS (PTY) LTD,3,2024 Supplier List,2024 List of Suppliers.xlsx,xlsx,,,,,,,,,,,,,,,
33.0,NTSEKITECHNOLOGIES (PTY)  LTD,3,2024 Supplier List,2024 List of Suppliers.xlsx,xlsx,,,,,,,,,,,,,,,
34.0,TDS SISANDA,3,2024 Supplier List,2024 List of Suppliers.xlsx,xlsx,,,,,,,,,,,,,,,
35.0,TSK RESOURCES,3,2024 Supplier List,2024 List of Suppliers.xlsx,xlsx,,,,,,,,,,,,,,,
36.0,ULTRA SOLUTIONS,3,2024 Supplier List,2024 List of Suppliers.xlsx,xlsx,,,,,,,,,,,,,,,
37.0,LESHAKA CONSTRUCTION,2,2024 Supplier List,2024 List of Suppliers.xlsx,xlsx,,,,,,,,,,,,,,,
38.0,LETHUKHANYA BUILDING AND TRADING,2,2024 Supplier List,2024 List of Suppliers.xlsx,xlsx,,,,,,,,,,,,,,,
39.0,LEUNGO LA GAGO (PTY) LTD,2,2024 Supplier List,2024 List of Suppliers.xlsx,xlsx,,,,,,,,,,,,,,,
40.0,LEZMIN 1913 CC XPANDA N.W.,2,2024 Supplier List,2024 List of Suppliers.xlsx,xlsx,,,,,,,,,,,,,,,
41.0,LISEBO HOLDING,2,2024 Supplier List,2024 List of Suppliers.xlsx,xlsx,,,,,,,,,,,,,,,
42.0,MAUPA MANAGE TRADING ENTERPRISE,2,2024 Supplier List,2024 List of Suppliers.xlsx,xlsx,,,,,,,,,,,,,,,
43.0,MAUREEY (PTY) LTD,2,2024 Supplier List,2024 List of Suppliers.xlsx,xlsx,,,,,,,,,,,,,,,
44.0,MBOROMANE TRADING,2,2024 Supplier List,2024 List of Suppliers.xlsx,xlsx,,,,,,,,,,,,,,,
45.0,MOHAUMOLUTSI CIVIL WORKS (PTY) LTD,2,2024 Supplier List,2024 List of Suppliers.xlsx,xlsx,,,,,,,,,,,,,,,
46.0,P MOSIMANE TRADING ENTERPRISE,2,2024 Supplier List,2024 List of Suppliers.xlsx,xlsx,,,,,,,,,,,,,,,
47.0,RAMLAS HOLDINGS (PTY) LTD,2,2024 Supplier List,2024 List of Suppliers.xlsx,xlsx,,,,,,,,,,,,,,,
48.0,RKW HOLDINGS,2,2024 Supplier List,2024 List of Suppliers.xlsx,xlsx,,,,,,,,,,,,,,,
49.0,TEFELLO HOLDINGS (PTY) LTD,2,2024 Supplier List,2024 List of Suppliers.xlsx,xlsx,,,,,,,,,,,,,,,
50.0,ABC SECURITY SHOP,1,2024 Supplier List,2024 List of Suppliers.xlsx,xlsx,,,,,,,,,,,,,,,
51.0,BALENI CONTRACTORS (PTY) LTD,1,2024 Supplier List,2024 List of Suppliers.xlsx,xlsx,,,,,,,,,,,,,,,
52.0,BLACK BIRD TRADING 206 CC,1,2024 Supplier List,2024 List of Suppliers.xlsx,xlsx,,,,,,,,,,,,,,,
53.0,BOKAO AMAHLE HOLDINGS (PTY) LTD,1,2024 Supplier List,2024 List of Suppliers.xlsx,xlsx,,,,,,,,,,,,,,,
54.0,CONLWAZI TRADING ENTERPRISE,1,2024 Supplier List,2024 List of Suppliers.xlsx,xlsx,,,,,,,,,,,,,,,
55.0,CREATIVE FLEET SOLUTION,1,2024 Supplier List,2024 List of Suppliers.xlsx,xlsx,,,,,,,,,,,,,,,
56.0,EMIN TRADING ENTERPRISE (PTY) LTD,1,2024 Supplier List,2024 List of Suppliers.xlsx,xlsx,,,,,,,,,,,,,,,
57.0,FURAHINI ENTERPRISE,1,2024 Supplier List,2024 List of Suppliers.xlsx,xlsx,,,,,,,,,,,,,,,
58.0,GLANLICIOUS TRADING ENTERPRISE,1,2024 Supplier List,2024 List of Suppliers.xlsx,xlsx,,,,,,,,,,,,,,,
59.0,KETHUTHULA HOLDINGS (PTY) LTD,1,2024 Supplier List,2024 List of Suppliers.xlsx,xlsx,,,,,,,,,,,,,,,
60.0,KGOSIETSILE PROJECTS (PTY) LTD,1,2024 Supplier List,2024 List of Suppliers.xlsx,xlsx,,,,,,,,,,,,,,,
61.0,MAPANE PROJECTS & ENTERPRISE (PTY) LTD,1,2024 Supplier List,2024 List of Suppliers.xlsx,xlsx,,,,,,,,,,,,,,,
62.0,MAPHUTHU HOLDINGS,1,2024 Supplier List,2024 List of Suppliers.xlsx,xlsx,,,,,,,,,,,,,,,
63.0,MOEDI CONSULTING ENGINEERS (PTY) LTD,1,2024 Supplier List,2024 List of Suppliers.xlsx,xlsx,,,,,,,,,,,,,,,
64.0,MOEDI CONSULTING ENGINEERS AND PROJECT MANAGERS,1,2024 Supplier List,2024 List of Suppliers.xlsx,xlsx,,,,,,,,,,,,,,,
65.0,NATIONAL BRAKE TESTING SERVICES PTY LTD,1,2024 Supplier List,2024 List of Suppliers.xlsx,xlsx,,,,,,,,,,,,,,,
66.0,PAKANG TRADING (PTY) LTD,1,2024 Supplier List,2024 List of Suppliers.xlsx,xlsx,,,,,,,,,,,,,,,
67.0,RA THE INVESTMENT (PTY) LTD,1,2024 Supplier List,2024 List of Suppliers.xlsx,xlsx,,,,,,,,,,,,,,,
68.0,REKHAMS HOLDINGS GROUP PTY LTD,1,2024 Supplier List,2024 List of Suppliers.xlsx,xlsx,,,,,,,,,,,,,,,
69.0,STAR MINING SUPPLIES,1,2024 Supplier List,2024 List of Suppliers.xlsx,xlsx,,,,,,,,,,,,,,,
70.0,TD MONARE HOLDINGS,1,2024 Supplier List,2024 List of Suppliers.xlsx,xlsx,,,,,,,,,,,,,,,
71.0,TLATLAMACHOLLO 78 AND EVENTS (PTY) LTD,1,2024 Supplier List,2024 List of Suppliers.xlsx,xlsx,,,,,,,,,,,,,,,
72.0,TORREN ENTERPRISE (PTY) LTD,1,2024 Supplier List,2024 List of Suppliers.xlsx,xlsx,,,,,,,,,,,,,,,
73.0,TRUVELO MANUFACTURERS (PTY) LTD,1,2024 Supplier List,2024 List of Suppliers.xlsx,xlsx,,,,,,,,,,,,,,,
74.0,WALTONS (PTY) LTD,1,2024 Supplier List,2024 List of Suppliers.xlsx,xlsx,,,,,,,,,,,,,,,
75.0,WE2 SONKE TRADING (PTY) LTD,1,2024 Supplier List,2024 List of Suppliers.xlsx,xlsx,,,,,,,,,,,,,,,
76.0,ZAMNTE CONSTRUCTION,1,2024 Supplier List,2024 List of Suppliers.xlsx,xlsx,,,,,,,,,,,,,,,
,Grand Total,316,2024 Supplier List,2024 List of Suppliers.xlsx,xlsx,,,,,,,,,,,,,,,
,,,2024 Supplier Orders,2024 List of Suppliers.xlsx,xlsx,1022711.0,1.0,,800018,OLEORA SUPPLY AND PROJECTS (PTY) LTD,,,236370,ADAPTORS 315MM UPVC /PVC-AC,20.0,33693.0,20.0,33693.0,20.0,0.0
,,,2024 Supplier Orders,2024 List of Suppliers.xlsx,xlsx,1022728.0,1.0,,800018,OLEORA SUPPLY AND PROJECTS (PTY) LTD,,,237704,UPVC PIPE CLASS9 400MM,1.0,6479.53,1.0,6479.53,1.0,0.0
,,,2024 Supplier Orders,2024 List of Suppliers.xlsx,xlsx,1022730.0,1.0,,800018,OLEORA SUPPLY AND PROJECTS (PTY) LTD,,,242440,REPAIR FULL CLAMPS 95-104MM,200.0,95452.0,200.0,95452.0,200.0,0.0
,,,2024 Supplier Orders,2024 List of Suppliers.xlsx,xlsx,1022731.0,1.0,,800092,N T K MINING SUPPLIERS,,,212792,TRANSFORMERS 100 KVA,2.0,143520.0,2.0,143520.0,2.0,0.0
,,,2024 Supplier Orders,2024 List of Suppliers.xlsx,xlsx,1022734.0,1.0,,800092,N T K MINING SUPPLIERS,,,212857,TRANSFORMER 200 KVA,2.0,212520.0,2.0,212520.0,2.0,0.0
,,,2024 Supplier Orders,2024 List of Suppliers.xlsx,xlsx,1022737.0,1.0,,200692,FRIEDENTHAL EN SEUNS TA CHAMPION WHEEL & TYRE,,,B000000099,BATTERY,1.0,1680.06,1.0,1680.06,1.0,0.0
,,,2024 Supplier Orders,2024 List of Suppliers.xlsx,xlsx,1022745.0,1.0,,200692,FRIEDENTHAL EN SEUNS TA CHAMPION WHEEL & TYRE,,,B000000099,BATTERY,2.0,3830.16,2.0,3830.16,2.0,0.0
,,,2024 Supplier Orders,2024 List of Suppliers.xlsx,xlsx,1022746.0,1.0,,200692,FRIEDENTHAL EN SEUNS TA CHAMPION WHEEL & TYRE,,,B000000099,BATTERY,1.0,2064.25,1.0,2064.25,1.0,0.0
,,,2024 Supplier Orders,2024 List of Suppliers.xlsx,xlsx,1022779.0,1.0,,200692,FRIEDENTHAL EN SEUNS TA CHAMPION WHEEL & TYRE,,,B000000099,BATTERY,2.0,3461.5,2.0,3461.5,2.0,0.0
,,,2024 Supplier Orders,2024 List of Suppliers.xlsx,xlsx,1022780.0,1.0,,407036,TD MONARE HOLDINGS,,,203725,53w LED STREETLIGHT FITTING,250.0,450000.0,250.0,450000.0,250.0,0.0
,,,2024 Supplier Orders,2024 List of Suppliers.xlsx,xlsx,1022783.0,1.0,,810096,AT JOY COMMUNICATIONS AND OFFICE AUTOMATION,,,247014,EZ3WATERMETERS-20/20MM DW7700,200.0,488860.0,200.0,488860.0,200.0,0.0
,,,2024 Supplier Orders,2024 List of Suppliers.xlsx,xlsx,1022788.0,1.0,,810096,AT JOY COMMUNICATIONS AND OFFICE AUTOMATION,,,247015,EZ3 25MMWATERMETER 25/25 DW780,150.0,421635.0,150.0,421635.0,150.0,0.0
,,,2024 Supplier Orders,2024 List of Suppliers.xlsx,xlsx,1022790.0,1.0,,200692,FRIEDENTHAL EN SEUNS TA CHAMPION WHEEL & TYRE,CAN,,B000000099,BATTERY,1.0,0.0,0.0,0.0,0.0,0.0
,,,2024 Supplier Orders,2024 List of Suppliers.xlsx,xlsx,1022793.0,1.0,,200692,FRIEDENTHAL EN SEUNS TA CHAMPION WHEEL & TYRE,CAN,,B000000099,BATTERY,1.0,0.0,0.0,0.0,0.0,0.0
,,,2024 Supplier Orders,2024 List of Suppliers.xlsx,xlsx,1022952.0,1.0,,840091,PRACTICON TRADING AND ENTERPRISE,CAN,,270456,blue overall 20/21,3800.0,2256453.0,3681.0,2256453.0,3681.0,0.0
,,,2024 Supplier Orders,2024 List of Suppliers.xlsx,xlsx,1022954.0,1.0,,400810,KWENDE CONSTRUCTION CC TA KWENDE ELECTRICAL SUPPL,,,214574,CABLE 4 X 150- 660V PVC,1200.0,2151420.0,1200.0,2151420.0,1200.0,0.0
,,,2024 Supplier Orders,2024 List of Suppliers.xlsx,xlsx,1022955.0,1.0,,80014,TSIKAKU HOLDINGS,,,208981,MINISUB 200 KVA MET SKAKEL TUI,1.0,557140.5,1.0,557140.5,1.0,0.0
,,,2024 Supplier Orders,2024 List of Suppliers.xlsx,xlsx,1022962.0,1.0,,80014,TSIKAKU HOLDINGS,,,212792,TRANSFORMERS 100 KVA,2.0,143520.0,2.0,143520.0,2.0,0.0
,,,2024 Supplier Orders,2024 List of Suppliers.xlsx,xlsx,1022965.0,1.0,,80014,TSIKAKU HOLDINGS,,,212857,TRANSFORMER 200 KVA,2.0,212520.0,2.0,212520.0,2.0,0.0
,,,2024 Supplier Orders,2024 List of Suppliers.xlsx,xlsx,1022976.0,1.0,,840091,PRACTICON TRADING AND ENTERPRISE,,,259403,SAFETY BOOTS/MAXECO-8031BROWN,2100.0,1272600.0,2100.0,1272600.0,2100.0,0.0
,,,2024 Supplier Orders,2024 List of Suppliers.xlsx,xlsx,1022980.0,1.0,,402560,HENOWS PROJECTS (PTY) LTD,,,201022,BREAKERS 5 AMP,600.0,107640.0,600.0,107640.0,600.0,0.0
,,,2024 Supplier Orders,2024 List of Suppliers.xlsx,xlsx,1022981.0,1.0,,402560,HENOWS PROJECTS (PTY) LTD,,,201073,BREAKERS 10 AMP,600.0,111780.0,600.0,111780.0,600.0,0.0
,,,2024 Supplier Orders,2024 List of Suppliers.xlsx,xlsx,1023083.0,1.0,,402560,HENOWS PROJECTS (PTY) LTD,,,201189,BREAKERS 20 AMP,300.0,56304.0,300.0,56304.0,300.0,0.0
,,,2024 Supplier Orders,2024 List of Suppliers.xlsx,xlsx,1023087.0,1.0,,402560,HENOWS PROJECTS (PTY) LTD,,,201375,BREAKERS 63 AMP CURVE 1 ORANGE,600.0,157320.0,600.0,157320.0,600.0,0.0
,,,2024 Supplier Orders,2024 List of Suppliers.xlsx,xlsx,1023101.0,1.0,,402560,HENOWS PROJECTS (PTY) LTD,,,201376,BREAKERS 63 A SF1-G3 CURVE2S/P,600.0,120060.0,600.0,120060.0,600.0,0.0
,,,2024 Supplier Orders,2024 List of Suppliers.xlsx,xlsx,1023106.0,1.0,,402560,HENOWS PROJECTS (PTY) LTD,,,201529,BREAKERS 80A CUR.1 ORANGE,300.0,128340.0,300.0,128340.0,300.0,0.0
,,,2024 Supplier Orders,2024 List of Suppliers.xlsx,xlsx,1023123.0,1.0,,402560,HENOWS PROJECTS (PTY) LTD,,,201530,BREAKERS 80A SF1-G3 CURVE2 S/P,300.0,113850.0,300.0,113850.0,300.0,0.0
,,,2024 Supplier Orders,2024 List of Suppliers.xlsx,xlsx,1023129.0,1.0,,800979,SENNES GENERAL TRADING,,,205974,LAMPS 250V 60W ES & BC,2000.0,84000.0,2000.0,84000.0,2000.0,0.0
,,,2024 Supplier Orders,2024 List of Suppliers.xlsx,xlsx,1023140.0,1.0,,800979,SENNES GENERAL TRADING,,,206806,LAMPS M.V. 125 W,2400.0,161280.0,2400.0,161280.0,2400.0,0.0
,,,2024 Supplier Orders,2024 List of Suppliers.xlsx,xlsx,1023144.0,1.0,,800979,SENNES GENERAL TRADING,,,207004,LAMPS M/V 400W GES.,1000.0,180000.0,1000.0,180000.0,1000.0,0.0
,,,2024 Supplier Orders,2024 List of Suppliers.xlsx,xlsx,1023152.0,1.0,,800979,SENNES GENERAL TRADING,,,207055,LAMPS SON E 70HPS C/WINT IGNIT,500.0,90000.0,500.0,90000.0,500.0,0.0
,,,2024 Supplier Orders,2024 List of Suppliers.xlsx,xlsx,1023153.0,1.0,,8070,VARIEGATED PTY LTD,,,203825,FITTING LED 100 WATTS,1000.0,2622000.0,1000.0,2622000.0,1000.0,0.0
,,,2024 Supplier Orders,2024 List of Suppliers.xlsx,xlsx,1023225.0,1.0,,800105,AGAH MARKETING AND PROJECTS,,,205166,j7 pilc 11kv joints,60.0,417600.0,60.0,417600.0,60.0,0.0
,,,2024 Supplier Orders,2024 List of Suppliers.xlsx,xlsx,1023319.0,1.0,,804052,REGONE TRADERS (PTY)LTD,,,201409,100 amp tripple pole c/b qf3 w,30.0,96480.0,30.0,96480.0,30.0,0.0
,,,2024 Supplier Orders,2024 List of Suppliers.xlsx,xlsx,1023325.0,1.0,,804052,REGONE TRADERS (PTY)LTD,,,201413,BREAKERS TRIP.POLE 150A 25KA,30.0,111600.0,30.0,111600.0,30.0,0.0
,,,2024 Supplier Orders,2024 List of Suppliers.xlsx,xlsx,1023327.0,1.0,,804052,REGONE TRADERS (PTY)LTD,,,201421,BREAKERS TRIP.POLE_200A 25KA,30.0,180000.0,30.0,180000.0,30.0,0.0
,,,2024 Supplier Orders,2024 List of Suppliers.xlsx,xlsx,1023373.0,1.0,,804052,REGONE TRADERS (PTY)LTD,,,201448,BREAKERS TRIP.POLE 250A 25KA,30.0,194400.0,30.0,194400.0,30.0,0.0
,,,2024 Supplier Orders,2024 List of Suppliers.xlsx,xlsx,1023436.0,1.0,,804052,REGONE TRADERS (PTY)LTD,,,201449,315a c/breaker 35ka mce,30.0,220261.2,30.0,220261.2,30.0,0.0
,,,2024 Supplier Orders,2024 List of Suppliers.xlsx,xlsx,1023439.0,1.0,,402560,HENOWS PROJECTS (PTY) LTD,,,236370,ADAPTORS 315MM UPVC /PVC-AC,20.0,38746.95,20.0,38746.95,20.0,0.0
,,,2024 Supplier Orders,2024 List of Suppliers.xlsx,xlsx,1023470.0,1.0,,402560,HENOWS PROJECTS (PTY) LTD,,,237704,UPVC PIPE CLASS9 400MM,1.0,7451.46,1.0,7451.46,1.0,0.0
,,,2024 Supplier Orders,2024 List of Suppliers.xlsx,xlsx,1023580.0,1.0,,402560,HENOWS PROJECTS (PTY) LTD,,,242404,CLAMPS 50 (69-76MM),50.0,20090.5,50.0,20090.5,50.0,0.0
,,,2024 Supplier Orders,2024 List of Suppliers.xlsx,xlsx,1023581.0,1.0,,50004,RKW HOLDINGS,,,206629,LAMPS 4FT LED TUBES,2000.0,120000.0,2000.0,120000.0,2000.0,0.0
,,,2024 Supplier Orders,2024 List of Suppliers.xlsx,xlsx,1023583.0,1.0,,50004,RKW HOLDINGS,,,206630,LAMP LED TUBE 5 FEET,2000.0,132000.0,2000.0,132000.0,2000.0,0.0
,,,2024 Supplier Orders,2024 List of Suppliers.xlsx,xlsx,1023588.0,1.0,,200692,FRIEDENTHAL EN SEUNS TA CHAMPION WHEEL & TYRE,,,B000000099,BATTERY,1.0,2680.11,1.0,2680.11,1.0,0.0
,,,2024 Supplier Orders,2024 List of Suppliers.xlsx,xlsx,1023591.0,1.0,,570081,BOTSITSO ENGINEERING AND PROJECTS,CAN,,201553,BREAKERS SF3G3 60A CURVE 1 ORA,120.0,0.0,0.0,0.0,0.0,0.0
,,,2024 Supplier Orders,2024 List of Suppliers.xlsx,xlsx,1023601.0,1.0,,570081,BOTSITSO ENGINEERING AND PROJECTS,CAN,,201561,BREAKERS SF3G3 80A CURVEI ORAN,80.0,0.0,0.0,0.0,0.0,0.0
,,,2024 Supplier Orders,2024 List of Suppliers.xlsx,xlsx,1023621.0,1.0,,570081,BOTSITSO ENGINEERING AND PROJECTS,CAN,,201588,BREAKERS SF3G3 60A WHITE,120.0,0.0,0.0,0.0,0.0,0.0
,,,2024 Supplier Orders,2024 List of Suppliers.xlsx,xlsx,1023623.0,1.0,,570081,BOTSITSO ENGINEERING AND PROJECTS,CAN,,201596,BREAKERS SF3G3 80A WHITE,80.0,0.0,0.0,0.0,0.0,0.0
,,,2024 Supplier Orders,2024 List of Suppliers.xlsx,xlsx,1023624.0,1.0,,570081,BOTSITSO ENGINEERING AND PROJECTS,CAN,,201618,BREAKERS SF3G3 45A CURVE 1 ORA,80.0,0.0,0.0,0.0,0.0,0.0
,,,2024 Supplier Orders,2024 List of Suppliers.xlsx,xlsx,1023625.0,1.0,,570081,BOTSITSO ENGINEERING AND PROJECTS,CAN,,201677,BREAKERS 100A CURVE 2 WHITE,300.0,0.0,0.0,0.0,0.0,0.0
,,,2024 Supplier Orders,2024 List of Suppliers.xlsx,xlsx,1023627.0,1.0,,100125,RAMLAS HOLDINGS (PTY) LTD,,,247014,EZ3WATERMETERS-20/20MM DW7700,150.0,366645.0,150.0,366645.0,150.0,0.0
,,,2024 Supplier Orders,2024 List of Suppliers.xlsx,xlsx,1023629.0,1.0,,900002,MOEMEDI CREATIONS (PTY) LTD,,,247014,EZ3WATERMETERS-20/20MM DW7700,150.0,366645.0,150.0,366645.0,150.0,0.0
,,,2024 Supplier Orders,2024 List of Suppliers.xlsx,xlsx,1023630.0,1.0,,810096,AT JOY COMMUNICATIONS AND OFFICE AUTOMATION,,,247014,EZ3WATERMETERS-20/20MM DW7700,200.0,488860.0,200.0,488860.0,200.0,0.0
,,,2024 Supplier Orders,2024 List of Suppliers.xlsx,xlsx,1023633.0,1.0,,810096,AT JOY COMMUNICATIONS AND OFFICE AUTOMATION,,,247015,EZ3 25MMWATERMETER 25/25 DW780,250.0,702725.0,250.0,702725.0,250.0,0.0
,,,2024 Supplier Orders,2024 List of Suppliers.xlsx,xlsx,1023654.0,1.0,,259421,TLATLAMACHOLLO 78 AND EVENTS (PTY) LTD,,,203726,FITTINGS MV HRL44/125W,200.0,216000.0,200.0,216000.0,200.0,0.0
,,,2024 Supplier Orders,2024 List of Suppliers.xlsx,xlsx,1023660.0,1.0,,402120,MERCYCON CONSTRUCTION AND PROJECTS CC,,,201553,BREAKERS SF3G3 60A CURVE 1 ORA,120.0,165600.0,120.0,165600.0,120.0,0.0
,,,2024 Supplier Orders,2024 List of Suppliers.xlsx,xlsx,1023664.0,1.0,,402120,MERCYCON CONSTRUCTION AND PROJECTS CC,,,201561,BREAKERS SF3G3 80A CURVEI ORAN,80.0,165600.0,80.0,165600.0,80.0,0.0
,,,2024 Supplier Orders,2024 List of Suppliers.xlsx,xlsx,1023681.0,1.0,,402120,MERCYCON CONSTRUCTION AND PROJECTS CC,,,201588,BREAKERS SF3G3 60A WHITE,120.0,129168.0,120.0,129168.0,120.0,0.0
,,,2024 Supplier Orders,2024 List of Suppliers.xlsx,xlsx,1023686.0,1.0,,402120,MERCYCON CONSTRUCTION AND PROJECTS CC,,,201596,BREAKERS SF3G3 80A WHITE,80.0,220800.0,80.0,220800.0,80.0,0.0
,,,2024 Supplier Orders,2024 List of Suppliers.xlsx,xlsx,1023697.0,1.0,,402120,MERCYCON CONSTRUCTION AND PROJECTS CC,,,201618,BREAKERS SF3G3 45A CURVE 1 ORA,80.0,110400.0,80.0,110400.0,80.0,0.0
,,,2024 Supplier Orders,2024 List of Suppliers.xlsx,xlsx,1023705.0,1.0,,402120,MERCYCON CONSTRUCTION AND PROJECTS CC,,,201677,BREAKERS 100A CURVE 2 WHITE,300.0,144900.0,300.0,144900.0,300.0,0.0
,,,2024 Supplier Orders,2024 List of Suppliers.xlsx,xlsx,1023736.0,1.0,,200692,FRIEDENTHAL EN SEUNS TA CHAMPION WHEEL & TYRE,CAN,,B000000099,BATTERY,2.0,0.0,0.0,0.0,0.0,0.0
,,,2024 Supplier Orders,2024 List of Suppliers.xlsx,xlsx,1023737.0,1.0,,400833,E.K. CONSTRUCTION AND ALL GENERAL TRADING,,,209015,MINISUB 500KVA 3P,1.0,770040.0,1.0,770040.0,1.0,0.0
,,,2024 Supplier Orders,2024 List of Suppliers.xlsx,xlsx,1023739.0,1.0,,400833,E.K. CONSTRUCTION AND ALL GENERAL TRADING,,,212792,TRANSFORMERS 100 KVA,2.0,143520.0,2.0,143520.0,2.0,0.0
,,,2024 Supplier Orders,2024 List of Suppliers.xlsx,xlsx,1023741.0,1.0,,400833,E.K. CONSTRUCTION AND ALL GENERAL TRADING,,,212857,TRANSFORMER 200 KVA,2.0,212520.0,2.0,212520.0,2.0,0.0
,,,2024 Supplier Orders,2024 List of Suppliers.xlsx,xlsx,1023751.0,1.0,,400833,E.K. CONSTRUCTION AND ALL GENERAL TRADING,,,247014,EZ3WATERMETERS-20/20MM DW7700,250.0,702736.25,250.0,702736.25,250.0,0.0
,,,2024 Supplier Orders,2024 List of Suppliers.xlsx,xlsx,1023775.0,1.0,,400833,E.K. CONSTRUCTION AND ALL GENERAL TRADING,,,247015,EZ3 25MMWATERMETER 25/25 DW780,200.0,646507.0,200.0,646507.0,200.0,0.0
,,,2024 Supplier Orders,2024 List of Suppliers.xlsx,xlsx,1023782.0,1.0,,985562,NTSEKITECHNOLOGIES (PTY)  LTD,CAN,,201766,CHOKES 125W M.V.,500.0,0.0,0.0,0.0,0.0,0.0
,,,2024 Supplier Orders,2024 List of Suppliers.xlsx,xlsx,1023783.0,1.0,,985562,NTSEKITECHNOLOGIES (PTY)  LTD,CAN,,201839,CHOKES 70 WATT SON,500.0,0.0,0.0,0.0,0.0,0.0
,,,2024 Supplier Orders,2024 List of Suppliers.xlsx,xlsx,1023787.0,1.0,,810061,SIBONGILE MASHIYA (PTY) LTD,,,247014,EZ3WATERMETERS-20/20MM DW7700,150.0,421641.75,150.0,421641.75,150.0,0.0
,,,2024 Supplier Orders,2024 List of Suppliers.xlsx,xlsx,1023809.0,1.0,,542009,WE2 SONKE TRADING (PTY) LTD,,,205167,CABLE JOINT MIRP-1,30.0,248400.0,30.0,248400.0,30.0,0.0
,,,2024 Supplier Orders,2024 List of Suppliers.xlsx,xlsx,1023824.0,1.0,,200136,GAMES & PC SOUND CC,,,C000002004,CABLE,1.0,25450.0,1.0,25450.0,1.0,0.0
,,,2024 Supplier Orders,2024 List of Suppliers.xlsx,xlsx,1023898.0,1.0,,401457,BATHO BAGAGWE IT CC,,,287285,MULTIPLUG 01X16A/2X5A ADAPTOR,1.0,29942.5,1.0,29942.5,1.0,0.0
,,,2024 Supplier Orders,2024 List of Suppliers.xlsx,xlsx,1023915.0,1.0,,8070,VARIEGATED PTY LTD,,,203825,FITTING LED 100 WATTS,1000.0,2622000.0,1000.0,2622000.0,1000.0,0.0
,,,2024 Supplier Orders,2024 List of Suppliers.xlsx,xlsx,1023916.0,1.0,,402347,PAKANG TRADING (PTY) LTD,CAN,,123189,11KV CABLE JOINT,10.0,0.0,0.0,0.0,0.0,0.0
,,,2024 Supplier Orders,2024 List of Suppliers.xlsx,xlsx,1023917.0,1.0,,88100,LETHUKHANYA BUILDING AND TRADING,,,123189,11KV CABLE JOINT,10.0,28260.0,10.0,28260.0,10.0,0.0
,,,2024 Supplier Orders,2024 List of Suppliers.xlsx,xlsx,1023918.0,1.0,,401457,BATHO BAGAGWE IT CC,,,P263684,POWER CABLE,1.0,1999.3,1.0,1999.3,1.0,0.0
,,,2024 Supplier Orders,2024 List of Suppliers.xlsx,xlsx,1023919.0,1.0,,403070,REABETSWE BOPHELO TRADING ENTERPRISE,CAN,,212733,TRANSFORMER 500 KVA,1.0,0.0,0.0,0.0,0.0,0.0
,,,2024 Supplier Orders,2024 List of Suppliers.xlsx,xlsx,1023920.0,1.0,,403070,REABETSWE BOPHELO TRADING ENTERPRISE,CAN,,212741,TRANSFORMER 50 KVA,5.0,0.0,0.0,0.0,0.0,0.0
,,,2024 Supplier Orders,2024 List of Suppliers.xlsx,xlsx,1023921.0,1.0,,403070,REABETSWE BOPHELO TRADING ENTERPRISE,CAN,,212822,TRANSFORMERS 315 KVA,1.0,0.0,0.0,0.0,0.0,0.0
,,,2024 Supplier Orders,2024 List of Suppliers.xlsx,xlsx,1023922.0,1.0,,930000,MAUPA MANAGE TRADING ENTERPRISE,,,203660,FITTING LED 200 WATTS,70.0,462000.0,70.0,462000.0,70.0,0.0
,,,2024 Supplier Orders,2024 List of Suppliers.xlsx,xlsx,1023935.0,1.0,,891008,KASIMOVEMENTS PROJECT AND CONSTRUCTION,,,151739,MULTI,10.0,3500.0,10.0,3500.0,10.0,0.0
,,,2024 Supplier Orders,2024 List of Suppliers.xlsx,xlsx,1023937.0,1.0,,891008,KASIMOVEMENTS PROJECT AND CONSTRUCTION,,,198931,EXTENSION CORD 20M,5.0,7925.0,5.0,7925.0,5.0,0.0
,,,2024 Supplier Orders,2024 List of Suppliers.xlsx,xlsx,1023938.0,1.0,,891008,KASIMOVEMENTS PROJECT AND CONSTRUCTION,,,243341,EXTENSION CORD WHITE 10MM,4.0,5120.0,4.0,5120.0,4.0,0.0
,,,2024 Supplier Orders,2024 List of Suppliers.xlsx,xlsx,1023963.0,1.0,,200692,FRIEDENTHAL EN SEUNS TA CHAMPION WHEEL & TYRE,,,B000000099,BATTERY,1.0,1670.06,1.0,1670.06,1.0,0.0
,,,2024 Supplier Orders,2024 List of Suppliers.xlsx,xlsx,1023967.0,1.0,,200692,FRIEDENTHAL EN SEUNS TA CHAMPION WHEEL & TYRE,,,B000000099,BATTERY,2.0,3010.13,2.0,3010.13,2.0,0.0
,,,2024 Supplier Orders,2024 List of Suppliers.xlsx,xlsx,1023969.0,1.0,,200692,FRIEDENTHAL EN SEUNS TA CHAMPION WHEEL & TYRE,,,B000000099,BATTERY,1.0,1580.07,1.0,1580.07,1.0,0.0
,,,2024 Supplier Orders,2024 List of Suppliers.xlsx,xlsx,1023971.0,1.0,,101190,GOMOLEMO CONSTRUCTION AND PROJECTS (PTY) LTD,,,236382,90MM UPVC INTERGRAL SOCKET,50.0,38932.1,50.0,38932.1,50.0,0.0
,,,2024 Supplier Orders,2024 List of Suppliers.xlsx,xlsx,1023973.0,1.0,,101190,GOMOLEMO CONSTRUCTION AND PROJECTS (PTY) LTD,,,236491,ADAPTORS FLANGED 300 MM,6.0,32234.04,6.0,32234.04,6.0,0.0
,,,2024 Supplier Orders,2024 List of Suppliers.xlsx,xlsx,1023975.0,1.0,,101190,GOMOLEMO CONSTRUCTION AND PROJECTS (PTY) LTD,,,237434,110MM C/I VALVES SOCKETED,5.0,41002.79,5.0,41002.79,5.0,0.0
,,,2024 Supplier Orders,2024 List of Suppliers.xlsx,xlsx,1023980.0,1.0,,101190,GOMOLEMO CONSTRUCTION AND PROJECTS (PTY) LTD,,,237531,160MM C/I VALVES SOCKETED,5.0,70829.65,5.0,70829.65,5.0,0.0
,,,2024 Supplier Orders,2024 List of Suppliers.xlsx,xlsx,1024035.0,1.0,,400810,KWENDE CONSTRUCTION CC TA KWENDE ELECTRICAL SUPPL,,,214833,CABLE ABC_3X70 54.6 CONDUCTER,5000.0,402500.0,5000.0,402500.0,5000.0,0.0
,,,2024 Supplier Orders,2024 List of Suppliers.xlsx,xlsx,1024048.0,1.0,,400810,KWENDE CONSTRUCTION CC TA KWENDE ELECTRICAL SUPPL,,,214841,CABLE ABC_3X120 70 CONDUCTER,1000.0,115000.0,1000.0,115000.0,1000.0,0.0
,,,2024 Supplier Orders,2024 List of Suppliers.xlsx,xlsx,1024116.0,1.0,,100078,K P DEVELOPMENTS (PTY) LTD,,,206539,LAMPS 2000W METAL HAYLITE INT.,25.0,105000.0,25.0,105000.0,25.0,0.0
,,,2024 Supplier Orders,2024 List of Suppliers.xlsx,xlsx,1024151.0,1.0,,100078,K P DEVELOPMENTS (PTY) LTD,,,206547,LAMPS 2000W MET.HAYLITE EXTER.,25.0,108000.0,25.0,108000.0,25.0,0.0
,,,2024 Supplier Orders,2024 List of Suppliers.xlsx,xlsx,1024152.0,1.0,,800415,LEUNGO LA GAGO (PTY) LTD,,,203660,FITTING LED 200 WATTS,100.0,660000.0,100.0,660000.0,100.0,0.0
,,,2024 Supplier Orders,2024 List of Suppliers.xlsx,xlsx,1024153.0,1.0,,830058,MAPHUTHU HOLDINGS,CAN,,205167,CABLE JOINT MIRP-1,40.0,0.0,0.0,0.0,0.0,0.0
,,,2024 Supplier Orders,2024 List of Suppliers.xlsx,xlsx,1024154.0,1.0,,401388,KETHUTHULA HOLDINGS (PTY) LTD,,,203726,FITTINGS MV HRL44/125W,300.0,324000.0,300.0,324000.0,300.0,0.0
,,,2024 Supplier Orders,2024 List of Suppliers.xlsx,xlsx,1024155.0,1.0,,258555,EMIN TRADING ENTERPRISE (PTY) LTD,,,203825,FITTING LED 100 WATTS,200.0,456000.0,200.0,456000.0,200.0,0.0
,,,2024 Supplier Orders,2024 List of Suppliers.xlsx,xlsx,1024165.0,1.0,,800092,N T K MINING SUPPLIERS,,,214418,CABLE 4 X 16 COPPER PVC L.T.,3000.0,602301.0,3000.0,602301.0,3000.0,0.0
,,,2024 Supplier Orders,2024 List of Suppliers.xlsx,xlsx,1024175.0,1.0,,830057,KGOSIETSILE PROJECTS (PTY) LTD,CAN,,204536,FUSES DROP OUT UNIT,80.0,0.0,0.0,0.0,0.0,0.0
,,,2024 Supplier Orders,2024 List of Suppliers.xlsx,xlsx,1024177.0,1.0,,530011,MBOROMANE TRADING,,,205532,INSULLATORS PIN 11 KV,500.0,168000.0,500.0,168000.0,500.0,0.0
,,,2024 Supplier Orders,2024 List of Suppliers.xlsx,xlsx,1024250.0,1.0,,877735,LESHAKA CONSTRUCTION,CAN,,214204,CABLE 3X95 PILC HT COPPER,600.0,348139.5,300.0,348139.5,300.0,0.0
,,,2024 Supplier Orders,2024 List of Suppliers.xlsx,xlsx,1024269.0,1.0,,877735,LESHAKA CONSTRUCTION,CAN,,214582,CABLE 4 X 120 - 660V PVC,1800.0,0.0,0.0,0.0,0.0,0.0
,,,2024 Supplier Orders,2024 List of Suppliers.xlsx,xlsx,1024286.0,1.0,,200692,FRIEDENTHAL EN SEUNS TA CHAMPION WHEEL & TYRE,,,B000000099,BATTERY,1.0,1205.05,1.0,1205.05,1.0,0.0
,,,2024 Supplier Orders,2024 List of Suppliers.xlsx,xlsx,1024287.0,1.0,,200692,FRIEDENTHAL EN SEUNS TA CHAMPION WHEEL & TYRE,,,B000000099,BATTERY,1.0,1915.07,1.0,1915.07,1.0,0.0
,,,2024 Supplier Orders,2024 List of Suppliers.xlsx,xlsx,1024292.0,1.0,,47252,MAUREEY (PTY) LTD,,,203725,53w LED STREETLIGHT FITTING,600.0,1080000.0,600.0,1080000.0,600.0,0.0
,,,2024 Supplier Orders,2024 List of Suppliers.xlsx,xlsx,1024355.0,1.0,,810061,SIBONGILE MASHIYA (PTY) LTD,CAN,,204234,FUSES 25 AMPS WIRE FUSES,300.0,0.0,0.0,0.0,0.0,0.0
,,,2024 Supplier Orders,2024 List of Suppliers.xlsx,xlsx,1024358.0,1.0,,810061,SIBONGILE MASHIYA (PTY) LTD,CAN,,204235,FUSES 5A FUSELINK TYPE K,200.0,0.0,0.0,0.0,0.0,0.0
,,,2024 Supplier Orders,2024 List of Suppliers.xlsx,xlsx,1024359.0,1.0,,810061,SIBONGILE MASHIYA (PTY) LTD,CAN,,204236,FUSES 10 A FUSELINK TYPE K,300.0,0.0,0.0,0.0,0.0,0.0
,,,2024 Supplier Orders,2024 List of Suppliers.xlsx,xlsx,1024362.0,1.0,,810061,SIBONGILE MASHIYA (PTY) LTD,CAN,,204238,FUSES 20 A FUSELINK TYPE K,300.0,0.0,0.0,0.0,0.0,0.0
,,,2024 Supplier Orders,2024 List of Suppliers.xlsx,xlsx,1024364.0,1.0,,803023,RHUONE PROJECTS AND PLANT HIRE,,,214841,CABLE ABC_3X120 70 CONDUCTER,30000.0,3450000.0,30000.0,3450000.0,30000.0,0.0
,,,2024 Supplier Orders,2024 List of Suppliers.xlsx,xlsx,1024365.0,1.0,,100078,K P DEVELOPMENTS (PTY) LTD,,,204536,FUSES DROP OUT UNIT,100.0,152400.0,100.0,152400.0,100.0,0.0
,,,2024 Supplier Orders,2024 List of Suppliers.xlsx,xlsx,1024366.0,1.0,,80014,TSIKAKU HOLDINGS,CAN,,247014,EZ3WATERMETERS-20/20MM DW7700,150.0,413208.915,147.0,413208.91941,147.0,0.0
,,,2024 Supplier Orders,2024 List of Suppliers.xlsx,xlsx,1024368.0,1.0,,402547,KHUWAIT GROUP OF COMPANIES,,,236357,ADAPTORS 110MM UPVC PVC-AC,500.0,286361.5,500.0,286361.5,500.0,0.0
,,,2024 Supplier Orders,2024 List of Suppliers.xlsx,xlsx,1024370.0,1.0,,402547,KHUWAIT GROUP OF COMPANIES,,,236365,ADAPTORS 160MM UPVC /PVC-AC,200.0,206652.7,200.0,206652.7,200.0,0.0
,,,2024 Supplier Orders,2024 List of Suppliers.xlsx,xlsx,1024372.0,1.0,,803023,RHUONE PROJECTS AND PLANT HIRE,,,204676,FUSES JOS STRIKER PIN 20A LONG,12.0,17276.49996,12.0,17276.49996,12.0,0.0
,,,2024 Supplier Orders,2024 List of Suppliers.xlsx,xlsx,1024418.0,1.0,,803023,RHUONE PROJECTS AND PLANT HIRE,,,204684,FUSES JOS STRIKER PIN 20A SHOR,17.0,22287.0,17.0,22287.0,17.0,0.0
,,,2024 Supplier Orders,2024 List of Suppliers.xlsx,xlsx,1024419.0,1.0,,803023,RHUONE PROJECTS AND PLANT HIRE,,,204692,FUSES JOS STRIKER PIN 30A LONG,5.0,8625.0,5.0,8625.0,5.0,0.0
,,,2024 Supplier Orders,2024 List of Suppliers.xlsx,xlsx,1024428.0,1.0,,803023,RHUONE PROJECTS AND PLANT HIRE,,,204693,FUSES JOS STRIKERPIN 31.5ABIG,40.0,71760.0,40.0,71760.0,40.0,0.0
,,,2024 Supplier Orders,2024 List of Suppliers.xlsx,xlsx,1024431.0,1.0,,803023,RHUONE PROJECTS AND PLANT HIRE,,,204706,FUSES JOS STRIKER PIN 30A SHOR,50.0,68310.0,50.0,68310.0,50.0,0.0
,,,2024 Supplier Orders,2024 List of Suppliers.xlsx,xlsx,1024523.0,1.0,,803023,RHUONE PROJECTS AND PLANT HIRE,,,204714,FUSES JOS STRIKER PIN 45A LONG,82.0,144844.8,82.0,144844.8,82.0,0.0
,,,2024 Supplier Orders,2024 List of Suppliers.xlsx,xlsx,1024564.0,1.0,,803023,RHUONE PROJECTS AND PLANT HIRE,,,204749,FUSES JOS STRIKER PIN 63A LONG,70.0,130410.0,70.0,130410.0,70.0,0.0
,,,2024 Supplier Orders,2024 List of Suppliers.xlsx,xlsx,1024663.0,1.0,,803023,RHUONE PROJECTS AND PLANT HIRE,,,204757,FUSES JOS STRIKER PIN 63A SHOR,53.0,76797.0,53.0,76797.0,53.0,0.0
,,,2024 Supplier Orders,2024 List of Suppliers.xlsx,xlsx,1024692.0,1.0,,803023,RHUONE PROJECTS AND PLANT HIRE,,,204765,FUSES JOS STRIKER PIN 100A LON,12.0,23184.0,12.0,23184.0,12.0,0.0
,,,2024 Supplier Orders,2024 List of Suppliers.xlsx,xlsx,1024726.0,1.0,,402057,NATIONAL BRAKE TESTING SERVICES PTY LTD,,,R221645,ELECTRIC MOTOR,1.0,7475.0,1.0,7475.0,1.0,0.0
,,,2024 Supplier Orders,2024 List of Suppliers.xlsx,xlsx,1024727.0,1.0,,200692,FRIEDENTHAL EN SEUNS TA CHAMPION WHEEL & TYRE,,,B000000099,BATTERY,1.0,1915.07,1.0,1915.07,1.0,0.0
,,,2024 Supplier Orders,2024 List of Suppliers.xlsx,xlsx,1024728.0,1.0,,200692,FRIEDENTHAL EN SEUNS TA CHAMPION WHEEL & TYRE,,,B000000099,BATTERY,1.0,2570.1,1.0,2570.1,1.0,0.0
,,,2024 Supplier Orders,2024 List of Suppliers.xlsx,xlsx,1024729.0,1.0,,401457,BATHO BAGAGWE IT CC,,,163506,battery 610 tc,2.0,810.0,2.0,810.0,2.0,0.0
,,,2024 Supplier Orders,2024 List of Suppliers.xlsx,xlsx,1024793.0,1.0,,401457,BATHO BAGAGWE IT CC,,,282484,battery charger 12a,1.0,568.0,1.0,568.0,1.0,0.0
,,,2024 Supplier Orders,2024 List of Suppliers.xlsx,xlsx,1024801.0,1.0,,200692,FRIEDENTHAL EN SEUNS TA CHAMPION WHEEL & TYRE,CAN,,B000000099,BATTERY,1.0,0.0,0.0,0.0,0.0,0.0
,,,2024 Supplier Orders,2024 List of Suppliers.xlsx,xlsx,1024802.0,1.0,,200692,FRIEDENTHAL EN SEUNS TA CHAMPION WHEEL & TYRE,,,B000000099,BATTERY,2.0,5140.2,2.0,5140.2,2.0,0.0
,,,2024 Supplier Orders,2024 List of Suppliers.xlsx,xlsx,1024803.0,1.0,,810111,FURAHINI ENTERPRISE,,,203726,FITTINGS MV HRL44/125W,300.0,324000.0,300.0,324000.0,300.0,0.0
,,,2024 Supplier Orders,2024 List of Suppliers.xlsx,xlsx,1024805.0,1.0,,400833,E.K. CONSTRUCTION AND ALL GENERAL TRADING,CAN,,247015,EZ3 25MMWATERMETER 25/25 DW780,500.0,0.0,0.0,0.0,0.0,0.0
,,,2024 Supplier Orders,2024 List of Suppliers.xlsx,xlsx,1024806.0,1.0,,810096,AT JOY COMMUNICATIONS AND OFFICE AUTOMATION,,,247015,EZ3 25MMWATERMETER 25/25 DW780,500.0,1405450.0,500.0,1405450.0,500.0,0.0
,,,2024 Supplier Orders,2024 List of Suppliers.xlsx,xlsx,1024851.0,1.0,,80014,TSIKAKU HOLDINGS,CAN,,247014,EZ3WATERMETERS-20/20MM DW7700,200.0,0.0,0.0,0.0,0.0,0.0
,,,2024 Supplier Orders,2024 List of Suppliers.xlsx,xlsx,1024852.0,1.0,,900002,MOEMEDI CREATIONS (PTY) LTD,CAN,,247014,EZ3WATERMETERS-20/20MM DW7700,200.0,0.0,0.0,0.0,0.0,0.0
,,,2024 Supplier Orders,2024 List of Suppliers.xlsx,xlsx,1024853.0,1.0,,100125,RAMLAS HOLDINGS (PTY) LTD,CAN,,247014,EZ3WATERMETERS-20/20MM DW7700,200.0,0.0,0.0,0.0,0.0,0.0
,,,2024 Supplier Orders,2024 List of Suppliers.xlsx,xlsx,1024854.0,1.0,,810061,SIBONGILE MASHIYA (PTY) LTD,CAN,,247014,EZ3WATERMETERS-20/20MM DW7700,400.0,0.0,0.0,0.0,0.0,0.0
,,,2024 Supplier Orders,2024 List of Suppliers.xlsx,xlsx,1024883.0,1.0,,810096,AT JOY COMMUNICATIONS AND OFFICE AUTOMATION,,,247014,EZ3WATERMETERS-20/20MM DW7700,500.0,1222150.0,500.0,1222150.0,500.0,0.0
,,,2024 Supplier Orders,2024 List of Suppliers.xlsx,xlsx,1024884.0,1.0,,400833,E.K. CONSTRUCTION AND ALL GENERAL TRADING,,,247014,EZ3WATERMETERS-20/20MM DW7700,500.0,1405472.5,500.0,1405472.5,500.0,0.0
,,,2024 Supplier Orders,2024 List of Suppliers.xlsx,xlsx,1024886.0,1.0,,821037,TDS SISANDA,,,C000012052,CIRCUIT BREAKER,18.0,57888.0,18.0,57888.0,18.0,0.0
,,,2024 Supplier Orders,2024 List of Suppliers.xlsx,xlsx,1024894.0,1.0,,821037,TDS SISANDA,,,C290437,CIRCUIT BREAKER 250A,10.0,64800.0,10.0,64800.0,10.0,0.0
,,,2024 Supplier Orders,2024 List of Suppliers.xlsx,xlsx,1024936.0,1.0,,402016,TSK RESOURCES,,,C000002004,CABLE,8.0,136988.0,8.0,136988.0,8.0,0.0
,,,2024 Supplier Orders,2024 List of Suppliers.xlsx,xlsx,1024957.0,1.0,,402016,TSK RESOURCES,,,C000020066,CABLE,10.0,48300.0,10.0,48300.0,10.0,0.0
,,,2024 Supplier Orders,2024 List of Suppliers.xlsx,xlsx,1024973.0,1.0,,402016,TSK RESOURCES,,,C292607,CABLE  3X185MM,8.0,71760.0,8.0,71760.0,8.0,0.0
,,,2024 Supplier Orders,2024 List of Suppliers.xlsx,xlsx,1024979.0,1.0,,200692,FRIEDENTHAL EN SEUNS TA CHAMPION WHEEL & TYRE,,,B000000099,BATTERY,2.0,2680.01,2.0,2680.01,2.0,0.0
,,,2024 Supplier Orders,2024 List of Suppliers.xlsx,xlsx,1025079.0,1.0,,401138,DIRABOTLE PROJECTS (PTY) LTD,,,C000002004,CABLE,72.0,76535.34984,72.0,76535.34984,72.0,0.0
,,,2024 Supplier Orders,2024 List of Suppliers.xlsx,xlsx,1025085.0,1.0,,401138,DIRABOTLE PROJECTS (PTY) LTD,,,C000002004,CABLE,19.0,16147.15,19.0,16147.15,19.0,0.0
,,,2024 Supplier Orders,2024 List of Suppliers.xlsx,xlsx,1025088.0,1.0,,401138,DIRABOTLE PROJECTS (PTY) LTD,,,C000002004,CABLE,8.0,8503.93,8.0,8503.93,8.0,0.0
,,,2024 Supplier Orders,2024 List of Suppliers.xlsx,xlsx,1025090.0,1.0,,401138,DIRABOTLE PROJECTS (PTY) LTD,,,C000002004,CABLE,2.0,15985.0,2.0,15985.0,2.0,0.0
,,,2024 Supplier Orders,2024 List of Suppliers.xlsx,xlsx,1025101.0,1.0,,401138,DIRABOTLE PROJECTS (PTY) LTD,,,C000002004,CABLE,12.0,12755.88996,12.0,12755.88996,12.0,0.0
,,,2024 Supplier Orders,2024 List of Suppliers.xlsx,xlsx,1025102.0,1.0,,401138,DIRABOTLE PROJECTS (PTY) LTD,,,C000002004,CABLE,30.0,31889.73,30.0,31889.73,30.0,0.0
,,,2024 Supplier Orders,2024 List of Suppliers.xlsx,xlsx,1025108.0,1.0,,401138,DIRABOTLE PROJECTS (PTY) LTD,CAN,,C000002004,CABLE,9.0,0.0,0.0,0.0,0.0,0.0
,,,2024 Supplier Orders,2024 List of Suppliers.xlsx,xlsx,1025172.0,1.0,,200692,FRIEDENTHAL EN SEUNS TA CHAMPION WHEEL & TYRE,CAN,,B000000099,BATTERY,2.0,0.0,0.0,0.0,0.0,0.0
,,,2024 Supplier Orders,2024 List of Suppliers.xlsx,xlsx,1025291.0,1.0,,402064,LEZMIN 1913 CC XPANDA N.W.,,,187938,BATTERY,1.0,410.0,1.0,410.0,1.0,0.0
,,,2024 Supplier Orders,2024 List of Suppliers.xlsx,xlsx,1025293.0,1.0,,402064,LEZMIN 1913 CC XPANDA N.W.,,,250594,BATTERY E/GIZER AA (2),20.0,300.0,20.0,300.0,20.0,0.0
,,,2024 Supplier Orders,2024 List of Suppliers.xlsx,xlsx,1025311.0,1.0,,804045,CREATIVE FLEET SOLUTION,,,169211,440X560 O/B 3M,1.0,30354.0,1.0,30354.0,1.0,0.0
,,,2024 Supplier Orders,2024 List of Suppliers.xlsx,xlsx,1025315.0,1.0,,402547,KHUWAIT GROUP OF COMPANIES,CAN,,212857,TRANSFORMER 200 KVA,6.0,0.0,0.0,0.0,0.0,0.0
,,,2024 Supplier Orders,2024 List of Suppliers.xlsx,xlsx,1025317.0,1.0,,402120,MERCYCON CONSTRUCTION AND PROJECTS CC,CAN,,201529,BREAKERS 80A CUR.1 ORANGE,300.0,0.0,0.0,0.0,0.0,0.0
,,,2024 Supplier Orders,2024 List of Suppliers.xlsx,xlsx,1025318.0,1.0,,402120,MERCYCON CONSTRUCTION AND PROJECTS CC,CAN,,201530,BREAKERS 80A SF1-G3 CURVE2 S/P,300.0,0.0,0.0,0.0,0.0,0.0
,,,2024 Supplier Orders,2024 List of Suppliers.xlsx,xlsx,1025322.0,1.0,,402120,MERCYCON CONSTRUCTION AND PROJECTS CC,CAN,,201561,BREAKERS SF3G3 80A CURVEI ORAN,80.0,0.0,0.0,0.0,0.0,0.0
,,,2024 Supplier Orders,2024 List of Suppliers.xlsx,xlsx,1025323.0,1.0,,402120,MERCYCON CONSTRUCTION AND PROJECTS CC,CAN,,201596,BREAKERS SF3G3 80A WHITE,80.0,0.0,0.0,0.0,0.0,0.0
,,,2024 Supplier Orders,2024 List of Suppliers.xlsx,xlsx,1025348.0,1.0,,830103,LEPHENE PROJECTS (PTY)LTD,CAN,,201409,100 amp tripple pole c/b qf3 w,40.0,0.0,0.0,0.0,0.0,0.0
,,,2024 Supplier Orders,2024 List of Suppliers.xlsx,xlsx,1025351.0,1.0,,830103,LEPHENE PROJECTS (PTY)LTD,CAN,,201413,BREAKERS TRIP.POLE 150A 25KA,40.0,0.0,0.0,0.0,0.0,0.0
,,,2024 Supplier Orders,2024 List of Suppliers.xlsx,xlsx,1025356.0,1.0,,402560,HENOWS PROJECTS (PTY) LTD,CAN,,201375,BREAKERS 63 AMP CURVE 1 ORANGE,600.0,0.0,0.0,0.0,0.0,0.0
,,,2024 Supplier Orders,2024 List of Suppliers.xlsx,xlsx,1025381.0,1.0,,402560,HENOWS PROJECTS (PTY) LTD,CAN,,201376,BREAKERS 63 A SF1-G3 CURVE2S/P,600.0,0.0,0.0,0.0,0.0,0.0
,,,2024 Supplier Orders,2024 List of Suppliers.xlsx,xlsx,1025382.0,1.0,,402560,HENOWS PROJECTS (PTY) LTD,CAN,,201553,BREAKERS SF3G3 60A CURVE 1 ORA,120.0,0.0,0.0,0.0,0.0,0.0
,,,2024 Supplier Orders,2024 List of Suppliers.xlsx,xlsx,1025383.0,1.0,,402560,HENOWS PROJECTS (PTY) LTD,CAN,,201588,BREAKERS SF3G3 60A WHITE,120.0,0.0,0.0,0.0,0.0,0.0
,,,2024 Supplier Orders,2024 List of Suppliers.xlsx,xlsx,1025387.0,1.0,,100061,BOKANG KATLEGO TRADING AND PROJECTS,CAN,,205166,j7 pilc 11kv joints,25.0,0.0,0.0,0.0,0.0,0.0
,,,2024 Supplier Orders,2024 List of Suppliers.xlsx,xlsx,1025388.0,1.0,,MOEDI,MOEDI CONSULTING ENGINEERS (PTY) LTD,CAN,,167432,supply & install connectors,1.0,0.0,1.0,9775.0,1.0,1.0
,,,2024 Supplier Orders,2024 List of Suppliers.xlsx,xlsx,1025390.0,1.0,,840091,PRACTICON TRADING AND ENTERPRISE,CAN,,265831,BOOTS RUBBER 5,50.0,0.0,0.0,0.0,0.0,0.0
,,,2024 Supplier Orders,2024 List of Suppliers.xlsx,xlsx,1025391.0,1.0,,840091,PRACTICON TRADING AND ENTERPRISE,CAN,,265832,BOOTS RUBBER 6,200.0,0.0,0.0,0.0,0.0,0.0
,,,2024 Supplier Orders,2024 List of Suppliers.xlsx,xlsx,1025392.0,1.0,,840091,PRACTICON TRADING AND ENTERPRISE,CAN,,265833,BOOTS RUBBER 7,200.0,0.0,0.0,0.0,0.0,0.0
,,,2024 Supplier Orders,2024 List of Suppliers.xlsx,xlsx,1025400.0,1.0,,840091,PRACTICON TRADING AND ENTERPRISE,CAN,,265834,BOOTS RUBBER 8,100.0,0.0,0.0,0.0,0.0,0.0
,,,2024 Supplier Orders,2024 List of Suppliers.xlsx,xlsx,1025459.0,1.0,,840091,PRACTICON TRADING AND ENTERPRISE,CAN,,265835,BOOTS RUBBER 9,50.0,0.0,0.0,0.0,0.0,0.0
,,,2024 Supplier Orders,2024 List of Suppliers.xlsx,xlsx,1025460.0,1.0,,840091,PRACTICON TRADING AND ENTERPRISE,CAN,,265836,BOOTS RUBBER 10,50.0,0.0,0.0,0.0,0.0,0.0
,,,2024 Supplier Orders,2024 List of Suppliers.xlsx,xlsx,1025461.0,1.0,,840091,PRACTICON TRADING AND ENTERPRISE,CAN,,265837,BOOTS RUBBER 11,40.0,0.0,0.0,0.0,0.0,0.0
,,,2024 Supplier Orders,2024 List of Suppliers.xlsx,xlsx,1025462.0,1.0,,840091,PRACTICON TRADING AND ENTERPRISE,CAN,,265838,BOOTS RUBBER 12,10.0,0.0,0.0,0.0,0.0,0.0
,,,2024 Supplier Orders,2024 List of Suppliers.xlsx,xlsx,1025463.0,1.0,,88100,LETHUKHANYA BUILDING AND TRADING,,,C000012052,CIRCUIT BREAKER,24.0,28800.0,24.0,28800.0,24.0,0.0
,,,2024 Supplier Orders,2024 List of Suppliers.xlsx,xlsx,1025464.0,1.0,,18694,STAR MINING SUPPLIES,CAN,,212797,400W,30.0,0.0,0.0,0.0,0.0,0.0
,,,2024 Supplier Orders,2024 List of Suppliers.xlsx,xlsx,1025465.0,1.0,,800082,ULTRA SOLUTIONS,CAN,,187938,BATTERY,6.0,0.0,0.0,0.0,0.0,0.0
,,,2024 Supplier Orders,2024 List of Suppliers.xlsx,xlsx,1025466.0,1.0,,800082,ULTRA SOLUTIONS,CAN,,211928,CHARGER BC 160,4.0,0.0,0.0,0.0,0.0,0.0
,,,2024 Supplier Orders,2024 List of Suppliers.xlsx,xlsx,1025467.0,1.0,,400810,KWENDE CONSTRUCTION CC TA KWENDE ELECTRICAL SUPPL,CAN,,201421,BREAKERS TRIP.POLE_200A 25KA,50.0,0.0,0.0,0.0,0.0,0.0
,,,2024 Supplier Orders,2024 List of Suppliers.xlsx,xlsx,1025468.0,1.0,,400810,KWENDE CONSTRUCTION CC TA KWENDE ELECTRICAL SUPPL,CAN,,201448,BREAKERS TRIP.POLE 250A 25KA,50.0,0.0,0.0,0.0,0.0,0.0
,,,2024 Supplier Orders,2024 List of Suppliers.xlsx,xlsx,1025469.0,1.0,,800979,SENNES GENERAL TRADING,,,201421,BREAKERS TRIP.POLE_200A 25KA,50.0,300000.0,50.0,300000.0,50.0,0.0
,,,2024 Supplier Orders,2024 List of Suppliers.xlsx,xlsx,1025470.0,1.0,,800979,SENNES GENERAL TRADING,,,201448,BREAKERS TRIP.POLE 250A 25KA,50.0,324000.0,50.0,324000.0,50.0,0.0
,,,2024 Supplier Orders,2024 List of Suppliers.xlsx,xlsx,1025478.0,1.0,,800979,SENNES GENERAL TRADING,,,205167,CABLE JOINT MIRP-1,50.0,476100.0,50.0,476100.0,50.0,0.0
,,,2024 Supplier Orders,2024 List of Suppliers.xlsx,xlsx,1025479.0,1.0,,8070,VARIEGATED PTY LTD,,,203660,FITTING LED 200 WATTS,120.0,792000.0,120.0,792000.0,120.0,0.0
,,,2024 Supplier Orders,2024 List of Suppliers.xlsx,xlsx,1025480.0,1.0,,8070,VARIEGATED PTY LTD,,,204536,FUSES DROP OUT UNIT,200.0,260000.0,200.0,260000.0,200.0,0.0
,,,2024 Supplier Orders,2024 List of Suppliers.xlsx,xlsx,1025481.0,1.0,,8070,VARIEGATED PTY LTD,,,205166,j7 pilc 11kv joints,100.0,696000.0,100.0,696000.0,100.0,0.0
,,,2024 Supplier Orders,2024 List of Suppliers.xlsx,xlsx,1025482.0,1.0,,402179,RATANANG SUPPLIERS AND PROJECTS CC,,,237213,75MM C/I VALVES SOCKETED,50.0,426946.13,50.0,426946.13,50.0,0.0
,,,2024 Supplier Orders,2024 List of Suppliers.xlsx,xlsx,1025483.0,1.0,,402179,RATANANG SUPPLIERS AND PROJECTS CC,,,237434,110MM C/I VALVES SOCKETED,50.0,576500.18,50.0,576500.18,50.0,0.0
,,,2024 Supplier Orders,2024 List of Suppliers.xlsx,xlsx,1025484.0,1.0,,402179,RATANANG SUPPLIERS AND PROJECTS CC,,,237698,200MM C/I VALVES SOCKETED,30.0,743467.0701,30.0,743467.0701,30.0,0.0
,,,2024 Supplier Orders,2024 List of Suppliers.xlsx,xlsx,1025485.0,1.0,,810091,MALATSI A TSHEPO TRADING AND PROJECTS,CAN,,201410,125 amp tripple pole c/b qf3,80.0,0.0,0.0,0.0,0.0,0.0
,,,2024 Supplier Orders,2024 List of Suppliers.xlsx,xlsx,1025486.0,1.0,,800979,SENNES GENERAL TRADING,,,201413,BREAKERS TRIP.POLE 150A 25KA,100.0,660000.0,100.0,660000.0,100.0,0.0
,,,2024 Supplier Orders,2024 List of Suppliers.xlsx,xlsx,1025487.0,1.0,,800979,SENNES GENERAL TRADING,,,203660,FITTING LED 200 WATTS,100.0,372000.0,100.0,372000.0,100.0,0.0
,,,2024 Supplier Orders,2024 List of Suppliers.xlsx,xlsx,1025488.0,1.0,,810091,MALATSI A TSHEPO TRADING AND PROJECTS,CAN,,201413,BREAKERS TRIP.POLE 150A 25KA,80.0,0.0,0.0,0.0,0.0,0.0
,,,2024 Supplier Orders,2024 List of Suppliers.xlsx,xlsx,1025561.0,1.0,,800599,LISEBO HOLDING,,,201413,BREAKERS TRIP.POLE 150A 25KA,80.0,297600.0,80.0,297600.0,80.0,0.0
,,,2024 Supplier Orders,2024 List of Suppliers.xlsx,xlsx,,1.0,,810091,MALATSI A TSHEPO TRADING AND PROJECTS,CAN,,201409,100 amp tripple pole c/b qf3 w,80.0,0.0,0.0,0.0,0.0,0.0
,,,2024 Supplier Orders,2024 List of Suppliers.xlsx,xlsx,,1.0,,810091,MALATSI A TSHEPO TRADING AND PROJECTS,,,201409,100 amp tripple pole c/b qf3 w,80.0,257280.0,80.0,257280.0,80.0,0.0
,,,2024 Supplier Orders,2024 List of Suppliers.xlsx,xlsx,,1.0,,810096,AT JOY COMMUNICATIONS AND OFFICE AUTOMATION,,,237213,75MM C/I VALVES SOCKETED,30.0,190926.3,30.0,190926.3,30.0,0.0
,,,2024 Supplier Orders,2024 List of Suppliers.xlsx,xlsx,,1.0,,101190,GOMOLEMO CONSTRUCTION AND PROJECTS (PTY) LTD,CAN,,237094,50MM C/I VALVES SOCKETED,10.0,0.0,0.0,0.0,0.0,0.0
,,,2024 Supplier Orders,2024 List of Suppliers.xlsx,xlsx,,1.0,,101190,GOMOLEMO CONSTRUCTION AND PROJECTS (PTY) LTD,CAN,,237434,110MM C/I VALVES SOCKETED,50.0,0.0,0.0,0.0,0.0,0.0
,,,2024 Supplier Orders,2024 List of Suppliers.xlsx,xlsx,,1.0,,101190,GOMOLEMO CONSTRUCTION AND PROJECTS (PTY) LTD,CAN,,237531,160MM C/I VALVES SOCKETED,50.0,0.0,0.0,0.0,0.0,0.0
,,,2024 Supplier Orders,2024 List of Suppliers.xlsx,xlsx,,1.0,,101190,GOMOLEMO CONSTRUCTION AND PROJECTS (PTY) LTD,,,237094,50MM C/I VALVES SOCKETED,10.0,63395.25,10.0,63395.25,10.0,0.0
,,,2024 Supplier Orders,2024 List of Suppliers.xlsx,xlsx,,1.0,,101190,GOMOLEMO CONSTRUCTION AND PROJECTS (PTY) LTD,,,237434,110MM C/I VALVES SOCKETED,50.0,410027.9,50.0,410027.9,50.0,0.0
,,,2024 Supplier Orders,2024 List of Suppliers.xlsx,xlsx,,1.0,,101190,GOMOLEMO CONSTRUCTION AND PROJECTS (PTY) LTD,,,237531,160MM C/I VALVES SOCKETED,50.0,708296.5,50.0,708296.5,50.0,0.0
,,,2024 Supplier Orders,2024 List of Suppliers.xlsx,xlsx,,1.0,,803023,RHUONE PROJECTS AND PLANT HIRE,CAN,,209112,METERS MAXIMUM DEM. 220V 5A MD,200.0,0.0,0.0,0.0,0.0,0.0
,,,2024 Supplier Orders,2024 List of Suppliers.xlsx,xlsx,,1.0,,800082,ULTRA SOLUTIONS,,,211928,CHARGER BC 160,4.0,4796.0,4.0,4796.0,4.0,0.0
,,,2024 Supplier Orders,2024 List of Suppliers.xlsx,xlsx,,1.0,,800105,AGAH MARKETING AND PROJECTS,,,102463,AAA BATTERIES 2PACK-2.5V,250.0,9754.0,250.0,9754.0,250.0,0.0
,,,2024 Supplier Orders,2024 List of Suppliers.xlsx,xlsx,,1.0,,800105,AGAH MARKETING AND PROJECTS,,,102465,AA  Batteries 1.5V -2pack,250.0,9754.0,250.0,9754.0,250.0,0.0
,,,2024 Supplier Orders,2024 List of Suppliers.xlsx,xlsx,,1.0,,200692,FRIEDENTHAL EN SEUNS TA CHAMPION WHEEL & TYRE,,,B000000099,BATTERY,1.0,1350.0,1.0,1350.0,1.0,0.0
,,,2024 Supplier Orders,2024 List of Suppliers.xlsx,xlsx,,1.0,,800018,OLEORA SUPPLY AND PROJECTS (PTY) LTD,CAN,,236357,ADAPTORS 110MM UPVC PVC-AC,200.0,0.0,0.0,0.0,0.0,0.0
,,,2024 Supplier Orders,2024 List of Suppliers.xlsx,xlsx,,1.0,,800018,OLEORA SUPPLY AND PROJECTS (PTY) LTD,CAN,,236370,ADAPTORS 315MM UPVC /PVC-AC,50.0,0.0,0.0,0.0,0.0,0.0
,,,2024 Supplier Orders,2024 List of Suppliers.xlsx,xlsx,,1.0,,800018,OLEORA SUPPLY AND PROJECTS (PTY) LTD,CAN,,237957,UPVC  TO A/C ADAPTORS 200 - 8,50.0,0.0,0.0,0.0,0.0,0.0
,,,2024 Supplier Orders,2024 List of Suppliers.xlsx,xlsx,,1.0,,800018,OLEORA SUPPLY AND PROJECTS (PTY) LTD,CAN,,237958,250mm ADAPTORS UPVC A/C,20.0,0.0,0.0,0.0,0.0,0.0
,,,2024 Supplier Orders,2024 List of Suppliers.xlsx,xlsx,,1.0,,109355,WALTONS (PTY) LTD,,,227649,PHILLIPS DIGITAL VOICE RECORDE,1.0,6640.56,1.0,6640.56,1.0,0.0
,,,2024 Supplier Orders,2024 List of Suppliers.xlsx,xlsx,,1.0,,200692,FRIEDENTHAL EN SEUNS TA CHAMPION WHEEL & TYRE,,,B000000099,BATTERY,1.0,1450.06,1.0,1450.06,1.0,0.0
,,,2024 Supplier Orders,2024 List of Suppliers.xlsx,xlsx,,1.0,,200692,FRIEDENTHAL EN SEUNS TA CHAMPION WHEEL & TYRE,,,B000000099,BATTERY,1.0,1650.07,1.0,1650.07,1.0,0.0
,,,2024 Supplier Orders,2024 List of Suppliers.xlsx,xlsx,,1.0,,200692,FRIEDENTHAL EN SEUNS TA CHAMPION WHEEL & TYRE,,,B000000099,BATTERY,2.0,3010.16,2.0,3010.16,2.0,0.0
,,,2024 Supplier Orders,2024 List of Suppliers.xlsx,xlsx,,1.0,,200692,FRIEDENTHAL EN SEUNS TA CHAMPION WHEEL & TYRE,,,B000000099,BATTERY,1.0,1380.06,1.0,1380.06,1.0,0.0
,,,2024 Supplier Orders,2024 List of Suppliers.xlsx,xlsx,,1.0,,800018,OLEORA SUPPLY AND PROJECTS (PTY) LTD,,,242454,CLAMPS 150MM S/S CR1-0690-08 C,50.0,30553.5,50.0,30553.5,50.0,0.0
,,,2024 Supplier Orders,2024 List of Suppliers.xlsx,xlsx,,1.0,,200692,FRIEDENTHAL EN SEUNS TA CHAMPION WHEEL & TYRE,,,B000000099,BATTERY,2.0,3160.13,2.0,3160.13,2.0,0.0
,,,2024 Supplier Orders,2024 List of Suppliers.xlsx,xlsx,,1.0,,200692,FRIEDENTHAL EN SEUNS TA CHAMPION WHEEL & TYRE,,,B000000099,BATTERY,2.0,5140.2,2.0,5140.2,2.0,0.0
,,,2024 Supplier Orders,2024 List of Suppliers.xlsx,xlsx,,1.0,,200692,FRIEDENTHAL EN SEUNS TA CHAMPION WHEEL & TYRE,,,B000000099,BATTERY,2.0,2540.1,2.0,2540.1,2.0,0.0
,,,2024 Supplier Orders,2024 List of Suppliers.xlsx,xlsx,,1.0,,200692,FRIEDENTHAL EN SEUNS TA CHAMPION WHEEL & TYRE,,,B000000099,BATTERY,1.0,1570.07,1.0,1570.07,1.0,0.0
,,,2024 Supplier Orders,2024 List of Suppliers.xlsx,xlsx,,1.0,,402547,KHUWAIT GROUP OF COMPANIES,,,B000000099,BATTERY,1.0,1950.0,1.0,1950.0,1.0,0.0
,,,2024 Supplier Orders,2024 List of Suppliers.xlsx,xlsx,,1.0,,401703,ELECTRICIVIL TRADING (PTY) LTD,,,S583933,STREETLIGHT FITTINGS 250W,1.0,451403.75,1.0,451403.75,1.0,0.0
,,,2024 Supplier Orders,2024 List of Suppliers.xlsx,xlsx,,1.0,,401703,ELECTRICIVIL TRADING (PTY) LTD,,,224095,STREET LIGHT CABLE,1.0,548233.75,1.0,548233.75,1.0,0.0
,,,2024 Supplier Orders,2024 List of Suppliers.xlsx,xlsx,,1.0,,401703,ELECTRICIVIL TRADING (PTY) LTD,,,224095,STREET LIGHT CABLE,1.0,518161.25,1.0,518161.25,1.0,0.0
,,,2024 Supplier Orders,2024 List of Suppliers.xlsx,xlsx,,1.0,,107832,TRUVELO MANUFACTURERS (PTY) LTD,,,211928,CHARGER BC 160,1.0,2752.41,1.0,2752.41,1.0,0.0
,,,2024 Supplier Orders,2024 List of Suppliers.xlsx,xlsx,,1.0,,402547,KHUWAIT GROUP OF COMPANIES,CAN,,B000000099,BATTERY,1.0,0.0,0.0,0.0,0.0,0.0
,,,2024 Supplier Orders,2024 List of Suppliers.xlsx,xlsx,,1.0,,403049,MOEDI CONSULTING ENGINEERS AND PROJECT MANAGERS,,,167432,supply & install connectors,1.0,9775.0,1.0,9775.0,1.0,0.0
,,,2024 Supplier Orders,2024 List of Suppliers.xlsx,xlsx,,1.0,,812155,ZAMNTE CONSTRUCTION,,,154728,HOLLOW PLUG GALV 20MM,1.0,29900.0,1.0,29900.0,1.0,0.0
,,,2024 Supplier Orders,2024 List of Suppliers.xlsx,xlsx,,1.0,,401164,ABC SECURITY SHOP,,,158936,POWER SUPPLY,1.0,8860.0,1.0,8860.0,1.0,0.0
,,,2024 Supplier Orders,2024 List of Suppliers.xlsx,xlsx,,1.0,,200136,GAMES & PC SOUND CC,CAN,,276410,12 PORT,2.0,0.0,0.0,0.0,0.0,0.0
,,,2024 Supplier Orders,2024 List of Suppliers.xlsx,xlsx,,1.0,,910075,BALENI CONTRACTORS (PTY) LTD,,,ELECTRONIC,ELECTRONIC EQUIPMENT,1.0,11500.0,1.0,11500.0,1.0,0.0
,,,2024 Supplier Orders,2024 List of Suppliers.xlsx,xlsx,,1.0,,402547,KHUWAIT GROUP OF COMPANIES,CAN,,209873,POLE STEEL 9METER,50.0,0.0,0.0,0.0,0.0,0.0
,,,2024 Supplier Orders,2024 List of Suppliers.xlsx,xlsx,,1.0,,402547,KHUWAIT GROUP OF COMPANIES,CAN,,210102,POLES STEEL 11 METERS,50.0,0.0,0.0,0.0,0.0,0.0
,,,2024 Supplier Orders,2024 List of Suppliers.xlsx,xlsx,,1.0,,402179,RATANANG SUPPLIERS AND PROJECTS CC,CAN,,209857,POLES  11 METER,150.0,0.0,0.0,0.0,0.0,0.0
,,,2024 Supplier Orders,2024 List of Suppliers.xlsx,xlsx,,1.0,,401973,TEFELLO HOLDINGS (PTY) LTD,,,ELECTRONIC,ELECTRONIC EQUIPMENT,1.0,4500.0,1.0,4500.0,1.0,0.0
,,,2024 Supplier Orders,2024 List of Suppliers.xlsx,xlsx,,1.0,,802023,P MOSIMANE TRADING ENTERPRISE,CAN,,256572,REPLACE CEILING & BRANDERING,1.0,0.0,0.0,0.0,0.0,0.0
,,,2024 Supplier Orders,2024 List of Suppliers.xlsx,xlsx,,1.0,,802023,P MOSIMANE TRADING ENTERPRISE,CAN,,R26705,REPLACE CABLE,4.0,0.0,0.0,0.0,0.0,0.0
,,,2024 Supplier Orders,2024 List of Suppliers.xlsx,xlsx,,1.0,,800018,OLEORA SUPPLY AND PROJECTS (PTY) LTD,,,236357,ADAPTORS 110MM UPVC PVC-AC,200.0,99604.0,200.0,99604.0,200.0,0.0
,,,2024 Supplier Orders,2024 List of Suppliers.xlsx,xlsx,,1.0,,800018,OLEORA SUPPLY AND PROJECTS (PTY) LTD,,,236370,ADAPTORS 315MM UPVC /PVC-AC,50.0,84232.5,50.0,84232.5,50.0,0.0
,,,2024 Supplier Orders,2024 List of Suppliers.xlsx,xlsx,,1.0,,800018,OLEORA SUPPLY AND PROJECTS (PTY) LTD,,,237957,UPVC  TO A/C ADAPTORS 200 - 8,50.0,56155.0,50.0,56155.0,50.0,0.0
,,,2024 Supplier Orders,2024 List of Suppliers.xlsx,xlsx,,1.0,,800018,OLEORA SUPPLY AND PROJECTS (PTY) LTD,,,237958,250mm ADAPTORS UPVC A/C,20.0,28077.6,20.0,28077.6,20.0,0.0
,,,2024 Supplier Orders,2024 List of Suppliers.xlsx,xlsx,,1.0,,402560,HENOWS PROJECTS (PTY) LTD,,,236370,ADAPTORS 315MM UPVC /PVC-AC,20.0,38746.95,20.0,38746.95,20.0,0.0
,,,2024 Supplier Orders,2024 List of Suppliers.xlsx,xlsx,,1.0,,402560,HENOWS PROJECTS (PTY) LTD,,,237477,110MM UPV PIPES CLASS 9,200.0,188413.7,200.0,188413.7,200.0,0.0
,,,2024 Supplier Orders,2024 List of Suppliers.xlsx,xlsx,,1.0,,402560,HENOWS PROJECTS (PTY) LTD,,,237574,160MM UPVC PIPES CLASS 9,200.0,360966.6,200.0,360966.6,200.0,0.0
,,,2024 Supplier Orders,2024 List of Suppliers.xlsx,xlsx,,1.0,,402560,HENOWS PROJECTS (PTY) LTD,,,237701,200MM UPVC PIPES CLASS 9,6.0,17433.19998,6.0,17433.19998,6.0,0.0
,,,2024 Supplier Orders,2024 List of Suppliers.xlsx,xlsx,,1.0,,402560,HENOWS PROJECTS (PTY) LTD,,,237703,315mm class9 pipes,14.0,78193.84006,14.0,78193.84006,14.0,0.0
,,,2024 Supplier Orders,2024 List of Suppliers.xlsx,xlsx,,1.0,,402560,HENOWS PROJECTS (PTY) LTD,,,237957,UPVC  TO A/C ADAPTORS 200 - 8,20.0,25831.3,20.0,25831.3,20.0,0.0
,,,2024 Supplier Orders,2024 List of Suppliers.xlsx,xlsx,,1.0,,402560,HENOWS PROJECTS (PTY) LTD,,,237958,250mm ADAPTORS UPVC A/C,2.0,3228.92,2.0,3228.92,2.0,0.0
,,,2024 Supplier Orders,2024 List of Suppliers.xlsx,xlsx,,1.0,,200692,FRIEDENTHAL EN SEUNS TA CHAMPION WHEEL & TYRE,,,B000000099,BATTERY,1.0,1490.06,1.0,1490.06,1.0,0.0
,,,2024 Supplier Orders,2024 List of Suppliers.xlsx,xlsx,,1.0,,200692,FRIEDENTHAL EN SEUNS TA CHAMPION WHEEL & TYRE,,,B000000099,BATTERY,1.0,1725.07,1.0,1725.07,1.0,0.0
,,,2024 Supplier Orders,2024 List of Suppliers.xlsx,xlsx,,1.0,,200136,GAMES & PC SOUND CC,,,276410,12 PORT,2.0,3714.5,2.0,3714.5,2.0,0.0
,,,2024 Supplier Orders,2024 List of Suppliers.xlsx,xlsx,,1.0,,401457,BATHO BAGAGWE IT CC,,,205681,48V,2.0,1138.0,2.0,1138.0,2.0,0.0
,,,2024 Supplier Orders,2024 List of Suppliers.xlsx,xlsx,,1.0,,401457,BATHO BAGAGWE IT CC,,,276410,12 PORT,2.0,3840.0,2.0,3840.0,2.0,0.0
,,,2024 Supplier Orders,2024 List of Suppliers.xlsx,xlsx,,1.0,,100061,BOKANG KATLEGO TRADING AND PROJECTS,,,203659,FITTING FLOOD LIGHTS 400W HPS,100.0,288000.0,100.0,288000.0,100.0,0.0
,,,2024 Supplier Orders,2024 List of Suppliers.xlsx,xlsx,,1.0,,100061,BOKANG KATLEGO TRADING AND PROJECTS,,,203725,53w LED STREETLIGHT FITTING,100.0,180000.0,100.0,180000.0,100.0,0.0
,,,2024 Supplier Orders,2024 List of Suppliers.xlsx,xlsx,,1.0,,800415,LEUNGO LA GAGO (PTY) LTD,CAN,,203660,FITTING LED 200 WATTS,100.0,369600.0,56.0,369600.0,56.0,0.0
,,,2024 Supplier Orders,2024 List of Suppliers.xlsx,xlsx,,1.0,,59006,MAMOTSHABI BUSINESS SOLUTION,CAN,,203725,53w LED STREETLIGHT FITTING,200.0,0.0,0.0,0.0,0.0,0.0
,,,2024 Supplier Orders,2024 List of Suppliers.xlsx,xlsx,,1.0,,89103,TORREN ENTERPRISE (PTY) LTD,,,203825,FITTING LED 100 WATTS,200.0,524400.0,200.0,524400.0,200.0,0.0
,,,2024 Supplier Orders,2024 List of Suppliers.xlsx,xlsx,,1.0,,59006,MAMOTSHABI BUSINESS SOLUTION,,,203725,53w LED STREETLIGHT FITTING,200.0,360000.0,200.0,360000.0,200.0,0.0
,,,2024 Supplier Orders,2024 List of Suppliers.xlsx,xlsx,,1.0,,400833,E.K. CONSTRUCTION AND ALL GENERAL TRADING,CAN,,208982,MINISUB 200 KVA 6.6,1.0,0.0,0.0,0.0,0.0,0.0
,,,2024 Supplier Orders,2024 List of Suppliers.xlsx,xlsx,,1.0,,400833,E.K. CONSTRUCTION AND ALL GENERAL TRADING,CAN,,212857,TRANSFORMER 200 KVA,2.0,0.0,0.0,0.0,0.0,0.0
,,,2024 Supplier Orders,2024 List of Suppliers.xlsx,xlsx,,1.0,,800079,CONLWAZI TRADING ENTERPRISE,,,ELECTRONIC,ELECTRONIC EQUIPMENT,1.0,9550.0,1.0,9550.0,1.0,0.0
,,,2024 Supplier Orders,2024 List of Suppliers.xlsx,xlsx,,1.0,,840007,MAPANE PROJECTS & ENTERPRISE (PTY) LTD,,,ELECTRONIC,ELECTRONIC EQUIPMENT,1.0,17500.0,1.0,17500.0,1.0,0.0
,,,2024 Supplier Orders,2024 List of Suppliers.xlsx,xlsx,,1.0,,401973,TEFELLO HOLDINGS (PTY) LTD,,,ELECTRONIC,ELECTRONIC EQUIPMENT,1.0,24000.0,1.0,24000.0,1.0,0.0
,,,2024 Supplier Orders,2024 List of Suppliers.xlsx,xlsx,,1.0,,570081,BOTSITSO ENGINEERING AND PROJECTS,,,203726,FITTINGS MV HRL44/125W,250.0,310500.0,250.0,310500.0,250.0,0.0
,,,2024 Supplier Orders,2024 List of Suppliers.xlsx,xlsx,,1.0,,570081,BOTSITSO ENGINEERING AND PROJECTS,,,206806,LAMPS M.V. 125 W,500.0,38640.0,500.0,38640.0,500.0,0.0
,,,2024 Supplier Orders,2024 List of Suppliers.xlsx,xlsx,,1.0,,402547,KHUWAIT GROUP OF COMPANIES,CAN,,209074,MINISUB 400 KVA,1.0,0.0,0.0,0.0,0.0,0.0
,,,2024 Supplier Orders,2024 List of Suppliers.xlsx,xlsx,,1.0,,402547,KHUWAIT GROUP OF COMPANIES,CAN,,212857,TRANSFORMER 200 KVA,4.0,425040.0,4.0,425040.0,4.0,0.0
,,,2024 Supplier Orders,2024 List of Suppliers.xlsx,xlsx,,1.0,,800092,N T K MINING SUPPLIERS,CAN,,209015,MINISUB 500KVA 3P,1.0,0.0,0.0,0.0,0.0,0.0
,,,2024 Supplier Orders,2024 List of Suppliers.xlsx,xlsx,,1.0,,800092,N T K MINING SUPPLIERS,CAN,,212792,TRANSFORMERS 100 KVA,2.0,0.0,0.0,0.0,0.0,0.0
,,,2024 Supplier Orders,2024 List of Suppliers.xlsx,xlsx,,1.0,,800092,N T K MINING SUPPLIERS,CAN,,212857,TRANSFORMER 200 KVA,2.0,0.0,0.0,0.0,0.0,0.0
,,,2024 Supplier Orders,2024 List of Suppliers.xlsx,xlsx,,1.0,,800975,BLACK BIRD TRADING 206 CC,,,203660,FITTING LED 200 WATTS,100.0,759000.0,100.0,759000.0,100.0,0.0
,,,2024 Supplier Orders,2024 List of Suppliers.xlsx,xlsx,,1.0,,402179,RATANANG SUPPLIERS AND PROJECTS CC,CAN,,208965,MINISUB 315 KVA,1.0,0.0,0.0,0.0,0.0,0.0
,,,2024 Supplier Orders,2024 List of Suppliers.xlsx,xlsx,,1.0,,402179,RATANANG SUPPLIERS AND PROJECTS CC,CAN,,212822,TRANSFORMERS 315 KVA,2.0,0.0,0.0,0.0,0.0,0.0
,,,2024 Supplier Orders,2024 List of Suppliers.xlsx,xlsx,,1.0,,401178,MOHAUMOLUTSI CIVIL WORKS (PTY) LTD,CAN,,209074,MINISUB 400 KVA,1.0,0.0,0.0,0.0,0.0,0.0
,,,2024 Supplier Orders,2024 List of Suppliers.xlsx,xlsx,,1.0,,401178,MOHAUMOLUTSI CIVIL WORKS (PTY) LTD,CAN,,212733,TRANSFORMER 500 KVA,1.0,0.0,0.0,0.0,0.0,0.0
,,,2024 Supplier Orders,2024 List of Suppliers.xlsx,xlsx,,1.0,,403070,REABETSWE BOPHELO TRADING ENTERPRISE,CAN,,208981,MINISUB 200 KVA MET SKAKEL TUI,1.0,0.0,0.0,0.0,0.0,0.0
,,,2024 Supplier Orders,2024 List of Suppliers.xlsx,xlsx,,1.0,,403070,REABETSWE BOPHELO TRADING ENTERPRISE,CAN,,212857,TRANSFORMER 200 KVA,2.0,0.0,0.0,0.0,0.0,0.0
,,,2024 Supplier Orders,2024 List of Suppliers.xlsx,xlsx,,1.0,,800092,N T K MINING SUPPLIERS,CAN,,214639,CABLE 10MM CONSENTRIC,11000.0,379500.0,5500.0,379500.0,5500.0,0.0
,,,2024 Supplier Orders,2024 List of Suppliers.xlsx,xlsx,,1.0,,89102,REKHAMS HOLDINGS GROUP PTY LTD,,,203825,FITTING LED 100 WATTS,100.0,228000.0,100.0,228000.0,100.0,0.0
,,,2024 Supplier Orders,2024 List of Suppliers.xlsx,xlsx,,1.0,,100061,BOKANG KATLEGO TRADING AND PROJECTS,,,203725,53w LED STREETLIGHT FITTING,120.0,216000.0,120.0,216000.0,120.0,0.0
,,,2024 Supplier Orders,2024 List of Suppliers.xlsx,xlsx,,1.0,,800599,LISEBO HOLDING,,,203825,FITTING LED 100 WATTS,100.0,228000.0,100.0,228000.0,100.0,0.0
,,,2024 Supplier Orders,2024 List of Suppliers.xlsx,xlsx,,1.0,,810091,MALATSI A TSHEPO TRADING AND PROJECTS,,,203825,FITTING LED 100 WATTS,100.0,228000.0,100.0,228000.0,100.0,0.0
,,,2024 Supplier Orders,2024 List of Suppliers.xlsx,xlsx,,1.0,,800093,BOKAO AMAHLE HOLDINGS (PTY) LTD,,,203825,FITTING LED 100 WATTS,100.0,228000.0,100.0,228000.0,100.0,0.0
,,,2024 Supplier Orders,2024 List of Suppliers.xlsx,xlsx,,1.0,,570081,BOTSITSO ENGINEERING AND PROJECTS,,,203725,53w LED STREETLIGHT FITTING,120.0,248400.0,120.0,248400.0,120.0,0.0
,,,2024 Supplier Orders,2024 List of Suppliers.xlsx,xlsx,,1.0,,800105,AGAH MARKETING AND PROJECTS,,,203825,FITTING LED 100 WATTS,100.0,228000.0,100.0,228000.0,100.0,0.0
,,,2024 Supplier Orders,2024 List of Suppliers.xlsx,xlsx,,1.0,,900002,MOEMEDI CREATIONS (PTY) LTD,CAN,,203688,FITTINGS 70 WATTS,200.0,0.0,0.0,0.0,0.0,0.0
,,,2024 Supplier Orders,2024 List of Suppliers.xlsx,xlsx,,1.0,,59006,MAMOTSHABI BUSINESS SOLUTION,,,203825,FITTING LED 100 WATTS,100.0,228000.0,100.0,228000.0,100.0,0.0
,,,2024 Supplier Orders,2024 List of Suppliers.xlsx,xlsx,,1.0,,985562,NTSEKITECHNOLOGIES (PTY)  LTD,,,203725,53w LED STREETLIGHT FITTING,120.0,216000.0,120.0,216000.0,120.0,0.0
,,,2024 Supplier Orders,2024 List of Suppliers.xlsx,xlsx,,1.0,,402560,HENOWS PROJECTS (PTY) LTD,CAN,,203825,FITTING LED 100 WATTS,100.0,0.0,0.0,0.0,0.0,0.0
,,,2024 Supplier Orders,2024 List of Suppliers.xlsx,xlsx,,1.0,,820076,RA THE INVESTMENT (PTY) LTD,CAN,,203725,53w LED STREETLIGHT FITTING,120.0,0.0,0.0,0.0,0.0,0.0
,,,2024 Supplier Orders,2024 List of Suppliers.xlsx,xlsx,,1.0,,100078,K P DEVELOPMENTS (PTY) LTD,CAN,,203725,53w LED STREETLIGHT FITTING,120.0,0.0,0.0,0.0,0.0,0.0
,,,2024 Supplier Orders,2024 List of Suppliers.xlsx,xlsx,,1.0,,930000,MAUPA MANAGE TRADING ENTERPRISE,,,203825,FITTING LED 100 WATTS,100.0,228000.0,100.0,228000.0,100.0,0.0
,,,2024 Supplier Orders,2024 List of Suppliers.xlsx,xlsx,,1.0,,800979,SENNES GENERAL TRADING,,,203825,FITTING LED 100 WATTS,100.0,228000.0,100.0,228000.0,100.0,0.0
,,,2024 Supplier Orders,2024 List of Suppliers.xlsx,xlsx,,1.0,,400833,E.K. CONSTRUCTION AND ALL GENERAL TRADING,CAN,,203825,FITTING LED 100 WATTS,100.0,0.0,0.0,0.0,0.0,0.0
,,,2024 Supplier Orders,2024 List of Suppliers.xlsx,xlsx,,1.0,,530011,MBOROMANE TRADING,,,203725,53w LED STREETLIGHT FITTING,120.0,216000.0,120.0,216000.0,120.0,0.0
,,,2024 Supplier Orders,2024 List of Suppliers.xlsx,xlsx,,1.0,,830103,LEPHENE PROJECTS (PTY)LTD,CAN,,203725,53w LED STREETLIGHT FITTING,120.0,0.0,0.0,0.0,0.0,0.0
,,,2024 Supplier Orders,2024 List of Suppliers.xlsx,xlsx,,1.0,,402179,RATANANG SUPPLIERS AND PROJECTS CC,CAN,,203725,53w LED STREETLIGHT FITTING,120.0,0.0,0.0,0.0,0.0,0.0
,,,2024 Supplier Orders,2024 List of Suppliers.xlsx,xlsx,,1.0,,821037,TDS SISANDA,,,203825,FITTING LED 100 WATTS,100.0,228000.0,100.0,228000.0,100.0,0.0
,,,2024 Supplier Orders,2024 List of Suppliers.xlsx,xlsx,,1.0,,402547,KHUWAIT GROUP OF COMPANIES,CAN,,203825,FITTING LED 100 WATTS,100.0,0.0,0.0,0.0,0.0,0.0
,,,2024 Supplier Orders,2024 List of Suppliers.xlsx,xlsx,,1.0,,802041,GLANLICIOUS TRADING ENTERPRISE,,,203825,FITTING LED 100 WATTS,100.0,228000.0,100.0,228000.0,100.0,0.0
,,,2024 Supplier Orders,2024 List of Suppliers.xlsx,xlsx,,1.0,,47252,MAUREEY (PTY) LTD,,,203825,FITTING LED 100 WATTS,100.0,228000.0,100.0,228000.0,100.0,0.0
,,,2024 Supplier Orders,2024 List of Suppliers.xlsx,xlsx,,1.0,,200692,FRIEDENTHAL EN SEUNS TA CHAMPION WHEEL & TYRE,,,B000000099,BATTERY,1.0,1550.06,1.0,1550.06,1.0,0.0
